[
  {
    "id": "7b56c793-87a4-49a7-94dc-2ba25d5657fb",
    "data": [
      {
        "text": "/aide",
        "userDefined": false
      }
    ],
    "isTemplate": false,
    "count": 0,
    "updated": 1506099963
  },
  {
    "id": "1cd3b5c8-e16e-4e34-bcd1-e560cdffd0d6",
    "data": [
      {
        "text": "/help",
        "userDefined": false
      }
    ],
    "isTemplate": false,
    "count": 0,
    "updated": 1506099963
  },
  {
    "id": "dcfef52f-32a1-4bdd-a59b-91ba3adcfc65",
    "data": [
      {
        "text": "Help",
        "userDefined": false
      }
    ],
    "isTemplate": false,
    "count": 0,
    "updated": 0
  },
  {
    "id": "e6a22357-8a07-4038-8a9b-8eaed8156e07",
    "data": [
      {
        "text": "Comment ça marche ?",
        "userDefined": false
      }
    ],
    "isTemplate": false,
    "count": 0,
    "updated": 0
  },
  {
    "id": "1c87974a-d8d9-4798-809a-f2c82fafc665",
    "data": [
      {
        "text": "Je ne comprends pas",
        "userDefined": false
      }
    ],
    "isTemplate": false,
    "count": 0,
    "updated": 0
  },
  {
    "id": "4a342a7c-b8c4-4ebe-b632-1fca3220326f",
    "data": [
      {
        "text": "Aide",
        "userDefined": false
      }
    ],
    "isTemplate": false,
    "count": 0,
    "updated": 0
  }
]