[
  {
    "id": "ee7dc98e-5552-4d42-9ae5-1d37c1c71822",
    "data": [
      {
        "text": "ça va ?",
        "userDefined": false
      }
    ],
    "isTemplate": false,
    "count": 0
  },
  {
    "id": "a51efaa1-4801-41b8-a264-3ec6f441f1d9",
    "data": [
      {
        "text": "accident ",
        "userDefined": false
      },
      {
        "text": "D",
        "alias": "lineCode",
        "meta": "@lineCode",
        "userDefined": false
      }
    ],
    "isTemplate": false,
    "count": 0
  },
  {
    "id": "7484e5e9-f4cd-4a03-8061-d0b54580ac69",
    "data": [
      {
        "text": "Est-ce qu\u0027il ",
        "userDefined": false
      },
      {
        "text": "a",
        "meta": "@sys.ignore",
        "userDefined": false
      },
      {
        "text": " des perturbations ?",
        "userDefined": false
      }
    ],
    "isTemplate": false,
    "count": 0,
    "updated": 1510687991
  },
  {
    "id": "4fe97241-f76f-4aa6-85a6-81bb7d5796ec",
    "data": [
      {
        "text": "Comment ça va ?",
        "userDefined": false
      }
    ],
    "isTemplate": false,
    "count": 1
  },
  {
    "id": "823f9436-6564-403c-a855-6edcf96aa81f",
    "data": [
      {
        "text": "accident",
        "userDefined": false
      }
    ],
    "isTemplate": false,
    "count": 0,
    "updated": 1510687991
  },
  {
    "id": "6a15a591-4910-4c49-8267-08da376393d9",
    "data": [
      {
        "text": "ralentissement ",
        "userDefined": false
      },
      {
        "text": "14",
        "alias": "lineCode",
        "meta": "@lineCode",
        "userDefined": false
      }
    ],
    "isTemplate": false,
    "count": 0,
    "updated": 1510687991
  },
  {
    "id": "1c1b8861-fb6c-4bf2-bf2d-8cd6aa42698c",
    "data": [
      {
        "text": "incident",
        "userDefined": false
      }
    ],
    "isTemplate": false,
    "count": 0,
    "updated": 1510687991
  },
  {
    "id": "2c6be433-de9f-42f6-bf65-905bdb11851f",
    "data": [
      {
        "text": "accident ",
        "userDefined": false
      },
      {
        "text": "23",
        "alias": "lineCode",
        "meta": "@lineCode",
        "userDefined": false
      }
    ],
    "isTemplate": false,
    "count": 0
  },
  {
    "id": "7cec3bf7-a25a-4b7c-b366-9a10c5ba02bd",
    "data": [
      {
        "text": "ça va avec le ",
        "userDefined": false
      },
      {
        "text": "18",
        "alias": "lineCode",
        "meta": "@lineCode",
        "userDefined": false
      },
      {
        "text": " ?",
        "userDefined": false
      }
    ],
    "isTemplate": false,
    "count": 1
  },
  {
    "id": "23674614-9824-4518-8800-0ac4ac974639",
    "data": [
      {
        "text": "Quels sont les problèmes sur le réseau ?",
        "userDefined": false
      }
    ],
    "isTemplate": false,
    "count": 0
  },
  {
    "id": "ca3195ad-4f37-4496-b59b-3d38d1ee8463",
    "data": [
      {
        "text": "Des problèmes avec le ",
        "userDefined": false
      },
      {
        "text": "M",
        "alias": "lineCode",
        "meta": "@lineCode",
        "userDefined": false
      },
      {
        "text": " ?",
        "userDefined": false
      }
    ],
    "isTemplate": false,
    "count": 0
  },
  {
    "id": "9fdc311f-e890-4031-92de-ba748622dc46",
    "data": [
      {
        "text": "incident ",
        "userDefined": false
      },
      {
        "text": "42",
        "alias": "lineCode",
        "meta": "@lineCode",
        "userDefined": false
      }
    ],
    "isTemplate": false,
    "count": 0
  },
  {
    "id": "e25f69b1-5cfa-40c8-bff2-d60959f65573",
    "data": [
      {
        "text": "Problèmes ?",
        "userDefined": false
      }
    ],
    "isTemplate": false,
    "count": 0,
    "updated": 1510687991
  },
  {
    "id": "b820f328-6fdc-4521-b73c-bc9ec875a1da",
    "data": [
      {
        "text": "Il y a des problèmes ?",
        "userDefined": false
      }
    ],
    "isTemplate": false,
    "count": 0
  },
  {
    "id": "8c14d77d-e4b3-4280-addb-6e1578ca926a",
    "data": [
      {
        "text": "Est-ce qu\u0027il ",
        "userDefined": false
      },
      {
        "text": "y",
        "meta": "@sys.ignore",
        "userDefined": false
      },
      {
        "text": " ",
        "userDefined": false
      },
      {
        "text": "a",
        "meta": "@sys.ignore",
        "userDefined": false
      },
      {
        "text": " ",
        "userDefined": false
      },
      {
        "text": "un",
        "meta": "@sys.ignore",
        "userDefined": false
      },
      {
        "text": " problème sur la ligne ",
        "userDefined": false
      },
      {
        "text": "15",
        "alias": "lineCode",
        "meta": "@lineCode",
        "userDefined": false
      }
    ],
    "isTemplate": false,
    "count": 0,
    "updated": 1510687991
  },
  {
    "id": "5ba7e103-9e2a-485d-b303-e4db5667e6ec",
    "data": [
      {
        "text": "accident avec le ",
        "userDefined": false
      },
      {
        "text": "D",
        "alias": "lineCode",
        "meta": "@lineCode",
        "userDefined": false
      },
      {
        "text": " ?",
        "userDefined": false
      }
    ],
    "isTemplate": false,
    "count": 0,
    "updated": 1510687991
  },
  {
    "id": "9ea226c8-783d-4d52-b0e8-c96a5972c0a0",
    "data": [
      {
        "text": "y",
        "meta": "@sys.ignore",
        "userDefined": false
      },
      {
        "text": "\u0027a-t-il des perturbations ?",
        "userDefined": false
      }
    ],
    "isTemplate": false,
    "count": 0,
    "updated": 1510687991
  },
  {
    "id": "2b1951af-2fe7-4034-8918-92b1e6f0cd20",
    "data": [
      {
        "text": "Est-ce qu\u0027il ",
        "userDefined": false
      },
      {
        "text": "y",
        "meta": "@sys.ignore",
        "userDefined": false
      },
      {
        "text": " ",
        "userDefined": false
      },
      {
        "text": "a",
        "meta": "@sys.ignore",
        "userDefined": false
      },
      {
        "text": " des problèmes sur le réseau",
        "userDefined": false
      }
    ],
    "isTemplate": false,
    "count": 0,
    "updated": 1510687991
  },
  {
    "id": "035e35c8-9f3a-4b08-8c42-950ef017b2f5",
    "data": [
      {
        "text": "perturbations",
        "userDefined": false
      }
    ],
    "isTemplate": false,
    "count": 0,
    "updated": 1510687991
  }
]