[
  {
    "id": "73c13131-0b3d-4058-9718-00573981ccce",
    "data": [
      {
        "text": "Arrêts préférés",
        "userDefined": false
      }
    ],
    "isTemplate": false,
    "count": 0,
    "updated": 1505490368
  },
  {
    "id": "e9d75009-1f43-450c-88e6-0aab5f52eaa0",
    "data": [
      {
        "text": "Mes arrêts",
        "userDefined": false
      }
    ],
    "isTemplate": false,
    "count": 0,
    "updated": 0
  },
  {
    "id": "89578cc9-e422-4974-b10d-8c25cb68d42a",
    "data": [
      {
        "text": "Quels sont mes favoris ?",
        "userDefined": false
      }
    ],
    "isTemplate": false,
    "count": 0,
    "updated": 0
  },
  {
    "id": "921a29ef-0e0e-4f1f-a7d8-81221825c665",
    "data": [
      {
        "text": "/favoris",
        "userDefined": false
      }
    ],
    "isTemplate": false,
    "count": 0,
    "updated": 0
  },
  {
    "id": "b487055b-b665-4eed-bdca-f3771660b734",
    "data": [
      {
        "text": "Favoris",
        "userDefined": false
      }
    ],
    "isTemplate": false,
    "count": 0,
    "updated": 0
  }
]