[
  {
    "id": "9aee2491-5b4b-4dd0-965d-92c18d65f902",
    "data": [
      {
        "text": "Comment aller ",
        "userDefined": false
      },
      {
        "text": "à",
        "meta": "@sys.ignore",
        "userDefined": false
      },
      {
        "text": " ",
        "userDefined": false
      },
      {
        "text": "Bachet",
        "alias": "stopName",
        "meta": "@stopName",
        "userDefined": false
      }
    ],
    "isTemplate": false,
    "count": 0,
    "updated": 1510684797
  },
  {
    "id": "cba4069a-8070-4fa4-b4fc-8c8d74934c32",
    "data": [
      {
        "text": "Comment se rendre ",
        "userDefined": false
      },
      {
        "text": "à",
        "meta": "@sys.ignore",
        "userDefined": false
      },
      {
        "text": " ",
        "userDefined": false
      },
      {
        "text": "Nations",
        "alias": "stopName",
        "meta": "@stopName",
        "userDefined": false
      }
    ],
    "isTemplate": false,
    "count": 0,
    "updated": 1510684797
  },
  {
    "id": "f168f439-bc32-4749-96a9-7a21015f609c",
    "data": [
      {
        "text": "Itinéraire",
        "userDefined": false
      }
    ],
    "isTemplate": false,
    "count": 0,
    "updated": 1510684797
  },
  {
    "id": "80ead749-06f6-451f-9d64-10ce7b77fbff",
    "data": [
      {
        "text": "Quel est ",
        "userDefined": false
      },
      {
        "text": "l",
        "meta": "@sys.ignore",
        "userDefined": false
      },
      {
        "text": "\u0027itinéraire pour aller",
        "userDefined": false
      }
    ],
    "isTemplate": false,
    "count": 0,
    "updated": 1510684797
  }
]