[
  {
    "id": "c776fc26-b38b-40cf-9d77-f0d7006b789f",
    "data": [
      {
        "text": "Quai ?",
        "userDefined": false
      }
    ],
    "isTemplate": false,
    "count": 1,
    "updated": 1502096193
  },
  {
    "id": "6953134a-9703-48b8-97e5-1414ab6fb845",
    "data": [
      {
        "text": "Sur quel quai part le tram ?",
        "userDefined": false
      }
    ],
    "isTemplate": false,
    "count": 0,
    "updated": 1502096193
  },
  {
    "id": "153bab0e-8fc2-4791-87b0-87e1ec11bcf6",
    "data": [
      {
        "text": "Quel quai ?",
        "userDefined": false
      }
    ],
    "isTemplate": false,
    "count": 0,
    "updated": 1502096193
  },
  {
    "id": "bb0c9eca-a3cf-408d-b793-e067d8842cf7",
    "data": [
      {
        "text": "Quai ",
        "userDefined": false
      },
      {
        "text": "Nations",
        "alias": "stopName",
        "meta": "@stopNameMultipleDocks",
        "userDefined": true
      }
    ],
    "isTemplate": false,
    "count": 0,
    "updated": 1502032970
  },
  {
    "id": "73796a1e-31bf-4a9f-a71a-81450cd8dfb5",
    "data": [
      {
        "text": "Sur quel quai est ",
        "userDefined": false
      },
      {
        "text": "le 12",
        "meta": "@sys.ignore",
        "userDefined": false
      },
      {
        "text": " à ",
        "userDefined": false
      },
      {
        "text": "Carouge",
        "alias": "stopName",
        "meta": "@stopNameMultipleDocks",
        "userDefined": false
      },
      {
        "text": " ?",
        "userDefined": false
      }
    ],
    "isTemplate": false,
    "count": 0,
    "updated": 1502029948
  },
  {
    "id": "52acf3b2-2f31-4516-8376-05071aae9181",
    "data": [
      {
        "text": "quai pour ",
        "userDefined": false
      },
      {
        "text": "Meyrin",
        "alias": "stopName",
        "meta": "@stopNameMultipleDocks",
        "userDefined": false
      }
    ],
    "isTemplate": false,
    "count": 0,
    "updated": 1502029948
  },
  {
    "id": "b023f894-970d-4a9c-81ed-d724cfbcd02b",
    "data": [
      {
        "text": "Quel quai pour les ",
        "userDefined": false
      },
      {
        "text": "Palettes",
        "alias": "stopName",
        "meta": "@stopNameMultipleDocks",
        "userDefined": true
      },
      {
        "text": " ?",
        "userDefined": false
      }
    ],
    "isTemplate": false,
    "count": 0,
    "updated": 1502029948
  }
]