[
  {
    "id": "89e21ddd-3b25-41d8-bb3f-0eb2f862130d",
    "data": [
      {
        "text": "Prochains départs du ",
        "userDefined": false
      },
      {
        "text": "15",
        "alias": "lineCode",
        "meta": "@lineCode",
        "userDefined": false
      }
    ],
    "isTemplate": false,
    "count": 0,
    "updated": 1502557476
  },
  {
    "id": "a3d152f1-8fee-4518-bb74-de506a8544de",
    "data": [
      {
        "text": "Départ ",
        "userDefined": false
      },
      {
        "text": "14",
        "alias": "lineCode",
        "meta": "@lineCode",
        "userDefined": false
      },
      {
        "text": " ",
        "userDefined": false
      },
      {
        "text": "servette",
        "alias": "stopName",
        "meta": "@stopName",
        "userDefined": false
      }
    ],
    "isTemplate": false,
    "count": 0
  },
  {
    "id": "ee30f98a-a4b3-4e87-8d1b-a848da4eb6a9",
    "data": [
      {
        "text": "Quels sont les prochains départs du ",
        "userDefined": false
      },
      {
        "text": "15",
        "alias": "lineCode",
        "meta": "@lineCode",
        "userDefined": false
      },
      {
        "text": " aux  ",
        "userDefined": false
      },
      {
        "text": "Palettes",
        "alias": "stopName",
        "meta": "@stopName",
        "userDefined": false
      },
      {
        "text": " ?",
        "userDefined": false
      }
    ],
    "isTemplate": false,
    "count": 0,
    "updated": 1502091573
  },
  {
    "id": "efa9bb7a-6fbd-4965-a6b3-a79108702216",
    "data": [
      {
        "text": "Prochains départs du ",
        "userDefined": false
      },
      {
        "text": "D",
        "alias": "lineCode",
        "meta": "@lineCode",
        "userDefined": false
      },
      {
        "text": " ",
        "userDefined": false
      },
      {
        "text": "à",
        "meta": "@sys.ignore",
        "userDefined": false
      },
      {
        "text": " ",
        "userDefined": false
      },
      {
        "text": "Bachet de Pesay",
        "alias": "stopName",
        "meta": "@stopName",
        "userDefined": true
      }
    ],
    "isTemplate": false,
    "count": 0,
    "updated": 1502091618
  },
  {
    "id": "d993b064-c06c-4eeb-8f18-8568e591ab18",
    "data": [
      {
        "text": "Nations",
        "alias": "stopName",
        "meta": "@stopName",
        "userDefined": false
      },
      {
        "text": " ",
        "userDefined": false
      },
      {
        "text": "S",
        "alias": "lineCode",
        "meta": "@lineCode",
        "userDefined": false
      }
    ],
    "isTemplate": false,
    "count": 0,
    "updated": 1502091733
  },
  {
    "id": "c395512a-3eb4-445f-93a3-30b3df24ec8b",
    "data": [
      {
        "text": "12",
        "alias": "lineCode",
        "meta": "@lineCode",
        "userDefined": false
      },
      {
        "text": " ",
        "userDefined": false
      },
      {
        "text": "Blanche",
        "alias": "stopName",
        "meta": "@stopName",
        "userDefined": false
      }
    ],
    "isTemplate": false,
    "count": 0,
    "updated": 1502092726
  },
  {
    "id": "e809b7f9-b2e0-4910-99ec-b2180c55de14",
    "data": [
      {
        "text": "Quand part le ",
        "userDefined": false
      },
      {
        "text": "23",
        "alias": "lineCode",
        "meta": "@lineCode",
        "userDefined": false
      },
      {
        "text": " de ",
        "userDefined": false
      },
      {
        "text": "Bel air",
        "alias": "stopName",
        "meta": "@stopName",
        "userDefined": true
      },
      {
        "text": " ?",
        "userDefined": false
      }
    ],
    "isTemplate": false,
    "count": 0,
    "updated": 1502091618
  },
  {
    "id": "9c974c7f-b988-4810-937b-b4e3e876c7aa",
    "data": [
      {
        "text": "42",
        "alias": "lineCode",
        "meta": "@lineCode",
        "userDefined": false
      },
      {
        "text": " ",
        "userDefined": false
      },
      {
        "text": "Croisée de Confignon",
        "alias": "stopName",
        "meta": "@stopName",
        "userDefined": false
      }
    ],
    "isTemplate": false,
    "count": 0,
    "updated": 1502091733
  }
]