[
  {
    "id": "f08e1c50-5a17-47f0-aad5-16648b5a9ce1",
    "data": [
      {
        "text": "Quai ?",
        "userDefined": false
      }
    ],
    "isTemplate": false,
    "count": 0,
    "updated": 0
  },
  {
    "id": "c7254d74-164c-4e31-be7d-663a3c23e2df",
    "data": [
      {
        "text": "Quel quai ?",
        "userDefined": false
      }
    ],
    "isTemplate": false,
    "count": 0,
    "updated": 0
  },
  {
    "id": "f490e5cc-0a98-4274-ac3f-fff83cda4e99",
    "data": [
      {
        "text": "Sur quel quai sera le tram ?",
        "userDefined": false
      }
    ],
    "isTemplate": false,
    "count": 0,
    "updated": 0
  }
]