[
  {
    "id": "248b4a58-587f-4045-8b86-5f65a4ca445c",
    "data": [
      {
        "text": "Tram ",
        "userDefined": false
      },
      {
        "text": "12",
        "alias": "lineCode",
        "meta": "@lineCode",
        "userDefined": false
      }
    ],
    "isTemplate": false,
    "count": 0,
    "updated": 1505479033
  },
  {
    "id": "f2da3d53-abcd-4bfe-85a8-9f58a2ce4b81",
    "data": [
      {
        "text": "Bus ",
        "userDefined": false
      },
      {
        "text": "42",
        "alias": "lineCode",
        "meta": "@lineCode",
        "userDefined": false
      }
    ],
    "isTemplate": false,
    "count": 0,
    "updated": 1505479033
  },
  {
    "id": "7f6809af-164a-4b74-a0f8-52c9fc2d29fc",
    "data": [
      {
        "text": "M",
        "alias": "lineCode",
        "meta": "@lineCode",
        "userDefined": false
      }
    ],
    "isTemplate": false,
    "count": 0,
    "updated": 1505479033
  },
  {
    "id": "f0e1dd7b-4232-4056-b6f1-36378447ea0a",
    "data": [
      {
        "text": "14",
        "alias": "lineCode",
        "meta": "@lineCode",
        "userDefined": false
      }
    ],
    "isTemplate": false,
    "count": 0,
    "updated": 1505479033
  },
  {
    "id": "560313dc-464e-4f93-b2bb-7db73af01ce1",
    "data": [
      {
        "text": "D",
        "alias": "lineCode",
        "meta": "@lineCode",
        "userDefined": false
      }
    ],
    "isTemplate": false,
    "count": 0,
    "updated": 0
  },
  {
    "id": "1a7d6440-cbe6-40f2-88a1-4c8df12c2995",
    "data": [
      {
        "text": "15",
        "alias": "lineCode",
        "meta": "@lineCode",
        "userDefined": false
      }
    ],
    "isTemplate": false,
    "count": 0,
    "updated": 0
  }
]