[
  {
    "id": "e124281b-e5ec-4b6c-a6e3-c77fec776822",
    "data": [
      {
        "text": "Et maintenant ?",
        "userDefined": false
      }
    ],
    "isTemplate": false,
    "count": 1,
    "updated": 1502032206
  },
  {
    "id": "9f061f81-8b73-41d0-9033-70ae1c933b6a",
    "data": [
      {
        "text": "Et là ?",
        "userDefined": false
      }
    ],
    "isTemplate": false,
    "count": 0,
    "updated": 1502028153
  },
  {
    "id": "eb140f51-4bdf-49e2-b99d-552893d98d5a",
    "data": [
      {
        "text": "Prochains départs",
        "userDefined": false
      }
    ],
    "isTemplate": false,
    "count": 0,
    "updated": 0
  },
  {
    "id": "cdd78daa-9775-48e9-a165-5a3b47268895",
    "data": [
      {
        "text": "C\u0027est quoi les prochains départs ?",
        "userDefined": false
      }
    ],
    "isTemplate": false,
    "count": 0,
    "updated": 0
  }
]