[
  {
    "id": "94b8314d-e03d-4c78-8c26-ce57c82bd74c",
    "data": [
      {
        "text": "C\u0027est quoi les prochains bus pour ",
        "userDefined": false
      },
      {
        "text": "Palettes",
        "alias": "stopName",
        "meta": "@stopName",
        "userDefined": true
      }
    ],
    "isTemplate": false,
    "count": 0,
    "updated": 0
  },
  {
    "id": "45063b56-4050-4447-b4f2-c2b1cb7e0431",
    "data": [
      {
        "text": "D",
        "alias": "lineCode",
        "meta": "@lineCode",
        "userDefined": false
      }
    ],
    "isTemplate": false,
    "count": 0,
    "updated": 1502178155
  },
  {
    "id": "e7c0a102-365c-47b4-8a0d-ba6f98704e8c",
    "data": [
      {
        "text": "Prochains départs ",
        "userDefined": false
      },
      {
        "text": "Chemin des Bois",
        "alias": "stopName",
        "meta": "@stopName",
        "userDefined": true
      }
    ],
    "isTemplate": false,
    "count": 1,
    "updated": 1504315046
  },
  {
    "id": "95f9c16f-bcdb-4032-9742-beda0d2e15c7",
    "data": [
      {
        "text": "Prochains départs pour ",
        "userDefined": false
      },
      {
        "text": "Aïre",
        "alias": "stopName",
        "meta": "@stopName",
        "userDefined": false
      }
    ],
    "isTemplate": false,
    "count": 1,
    "updated": 1501836223
  },
  {
    "id": "1b18e553-83a4-4123-9c7f-89660ccde345",
    "data": [
      {
        "text": "À quelle heure ",
        "userDefined": false
      },
      {
        "text": "passe",
        "meta": "@sys.ignore",
        "userDefined": false
      },
      {
        "text": " le ",
        "userDefined": false
      },
      {
        "text": "12",
        "alias": "lineCode",
        "meta": "@lineCode",
        "userDefined": false
      },
      {
        "text": " ",
        "userDefined": false
      },
      {
        "text": "à",
        "meta": "@sys.ignore",
        "userDefined": false
      },
      {
        "text": " ",
        "userDefined": false
      },
      {
        "text": "rive",
        "alias": "stopName",
        "meta": "@stopName",
        "userDefined": false
      },
      {
        "text": " ?",
        "userDefined": false
      }
    ],
    "isTemplate": false,
    "count": 0
  },
  {
    "id": "e4f1f52d-6a45-4fda-bb39-9aa744b863c0",
    "data": [
      {
        "text": "Parcs",
        "alias": "stopName",
        "meta": "@stopName",
        "userDefined": false
      }
    ],
    "isTemplate": false,
    "count": 1,
    "updated": 1502032228
  },
  {
    "id": "911a2cec-e144-4d7a-b91f-91e2ac06b715",
    "data": [
      {
        "text": "Cuisine",
        "alias": "stopName",
        "meta": "@stopName",
        "userDefined": false
      }
    ],
    "isTemplate": false,
    "count": 0,
    "updated": 1502032228
  },
  {
    "id": "d5b73318-54e5-4838-a921-fa7fdb4538d0",
    "data": [
      {
        "text": "Quand part le tram de ",
        "userDefined": false
      },
      {
        "text": "Rondeau",
        "alias": "stopName",
        "meta": "@stopName",
        "userDefined": true
      }
    ],
    "isTemplate": false,
    "count": 0,
    "updated": 0
  },
  {
    "id": "b6bec50b-ad0b-4983-ad42-b8357f036d29",
    "data": [
      {
        "text": "Prochains départs",
        "userDefined": false
      }
    ],
    "isTemplate": false,
    "count": 0,
    "updated": 1501755451
  },
  {
    "id": "a4f738c7-04f8-4f08-a3c9-abbdf3674f83",
    "data": [
      {
        "text": "Prochains bus pour ",
        "userDefined": false
      },
      {
        "text": "Acacias",
        "alias": "stopName",
        "meta": "@stopName",
        "userDefined": false
      }
    ],
    "isTemplate": false,
    "count": 0,
    "updated": 1501834087
  },
  {
    "id": "1b90788a-6d12-4d6b-adeb-ddbb6de6b2e2",
    "data": [
      {
        "text": "15",
        "alias": "lineCode",
        "meta": "@lineCode",
        "userDefined": false
      }
    ],
    "isTemplate": false,
    "count": 0,
    "updated": 1502178155
  },
  {
    "id": "eefd4cde-7f58-4e71-a173-15d509c20940",
    "data": [
      {
        "text": "Y\u0027a quoi à ",
        "userDefined": false
      },
      {
        "text": "Pont d\u0027Arve",
        "alias": "stopName",
        "meta": "@stopName",
        "userDefined": true
      },
      {
        "text": " ?",
        "userDefined": false
      }
    ],
    "isTemplate": false,
    "count": 0,
    "updated": 1501833921
  },
  {
    "id": "6a00b0e3-ed8b-4878-b6c7-5c03e81c3a80",
    "data": [
      {
        "text": "C\u0027est quoi le prochain départ",
        "userDefined": false
      }
    ],
    "isTemplate": false,
    "count": 0,
    "updated": 1501755451
  },
  {
    "id": "af2db7d1-1149-42e7-9207-74e3d1f21921",
    "data": [
      {
        "text": "Place Neuve",
        "alias": "stopName",
        "meta": "@stopName",
        "userDefined": true
      }
    ],
    "isTemplate": false,
    "count": 0,
    "updated": 1501755451
  },
  {
    "id": "e81c234e-18f2-48e0-b9bc-b3e49ed222c6",
    "data": [
      {
        "text": "Prochains départs pour ",
        "userDefined": false
      },
      {
        "text": "Uni Mail",
        "alias": "stopName",
        "meta": "@stopName",
        "userDefined": true
      }
    ],
    "isTemplate": false,
    "count": 0,
    "updated": 0
  }
]