[
  {
    "id": "82956a3d-42c7-4fdc-bdf8-02be6f5f9955",
    "data": [
      {
        "text": "Get started",
        "userDefined": false
      }
    ],
    "isTemplate": false,
    "count": 0
  },
  {
    "id": "fa41b710-1a20-433a-b8ea-7ef55b6ce3b4",
    "data": [
      {
        "text": "Démarrer",
        "userDefined": false
      }
    ],
    "isTemplate": false,
    "count": 0,
    "updated": 1507734981
  },
  {
    "id": "6da4debc-5885-4175-92f3-c515edfaa44d",
    "data": [
      {
        "text": "/start",
        "userDefined": false
      }
    ],
    "isTemplate": false,
    "count": 1,
    "updated": 1509297193
  },
  {
    "id": "1f7b6cb7-82be-4877-8767-de28860483d4",
    "data": [
      {
        "text": "Salut",
        "userDefined": false
      }
    ],
    "isTemplate": false,
    "count": 1,
    "updated": 1509297183
  },
  {
    "id": "4d542733-1151-4768-aa6b-a82b785d7ebb",
    "data": [
      {
        "text": "Hello",
        "userDefined": false
      }
    ],
    "isTemplate": false,
    "count": 0,
    "updated": 1503564900
  },
  {
    "id": "335229d5-3c5b-4b3e-ad4c-a756f1648cb6",
    "data": [
      {
        "text": "Yop",
        "userDefined": false
      }
    ],
    "isTemplate": false,
    "count": 1,
    "updated": 1503140591
  },
  {
    "id": "67c2bc7b-cd98-4903-be7f-de5db709dd61",
    "data": [
      {
        "text": "Bonjour",
        "userDefined": false
      }
    ],
    "isTemplate": false,
    "count": 1,
    "updated": 1503131907
  },
  {
    "id": "e5f54902-cfa8-4640-933f-300963b9eb09",
    "data": [
      {
        "text": "Coucou",
        "userDefined": false
      }
    ],
    "isTemplate": false,
    "count": 0,
    "updated": 1503131907
  },
  {
    "id": "fb32d009-510f-4f3e-91ff-3b75eb12fd57",
    "data": [
      {
        "text": "Hey",
        "userDefined": false
      }
    ],
    "isTemplate": false,
    "count": 0,
    "updated": 1503131907
  },
  {
    "id": "04e91abb-0504-41ee-9103-314bc978f168",
    "data": [
      {
        "text": "reset",
        "userDefined": false
      }
    ],
    "isTemplate": false,
    "count": 1,
    "updated": 1502098001
  },
  {
    "id": "b83d916f-c2bd-4872-9e08-85e5ede4dc4d",
    "data": [
      {
        "text": "Restart",
        "userDefined": false
      }
    ],
    "isTemplate": false,
    "count": 0,
    "updated": 1502098001
  },
  {
    "id": "0c71bb4a-cfd3-471b-9b6d-1a6fa86a76ed",
    "data": [
      {
        "text": "Recommencer",
        "userDefined": false
      }
    ],
    "isTemplate": false,
    "count": 1,
    "updated": 1502098001
  }
]