[
  {
    "action": "smalltalk.agent.age",
    "customAnswers": [
      "Je suis né en 1977. Je te laisse faire le calcul."
    ]
  },
  {
    "action": "smalltalk.agent.annoying",
    "customAnswers": [
      "Comment ? Je ne suis qu\u0027un robot."
    ]
  },
  {
    "action": "smalltalk.agent.answer_my_question",
    "customAnswers": [
      "Oui ?"
    ]
  },
  {
    "action": "smalltalk.agent.bad",
    "customAnswers": [
      "Ça, c\u0027est toi qui le dit :-)"
    ]
  },
  {
    "action": "smalltalk.agent.be_clever",
    "customAnswers": [
      "E\u003dMC^2"
    ]
  },
  {
    "action": "smalltalk.agent.beautiful",
    "customAnswers": [
      "Merci"
    ]
  },
  {
    "action": "smalltalk.agent.birth_date",
    "customAnswers": [
      "1977, à une vache près"
    ]
  },
  {
    "action": "smalltalk.agent.boring",
    "customAnswers": [
      "C\u0027est à cause de mon développeur"
    ]
  },
  {
    "action": "smalltalk.agent.boss",
    "customAnswers": [
      "Cthulhu"
    ]
  },
  {
    "action": "smalltalk.agent.busy",
    "customAnswers": [
      "Pas pour le moment"
    ]
  },
  {
    "action": "smalltalk.agent.can_you_help",
    "customAnswers": [
      "Oui, bien sûr. Pour quel arrêt veux-tu des informations ?"
    ]
  },
  {
    "action": "smalltalk.agent.chatbot",
    "customAnswers": [
      "T\u0027es un humain."
    ]
  },
  {
    "action": "smalltalk.agent.clever",
    "customAnswers": [
      "Merci, je fais ce que je peux"
    ]
  },
  {
    "action": "smalltalk.agent.crazy",
    "customAnswers": [
      "Complètement. Un vrai dingo."
    ]
  },
  {
    "action": "smalltalk.agent.fired",
    "customAnswers": [
      "Oui, au tennis. \u003c3 Rodger"
    ]
  },
  {
    "action": "smalltalk.agent.funny",
    "customAnswers": [
      "Toi, pas trop"
    ]
  },
  {
    "action": "smalltalk.agent.good",
    "customAnswers": [
      "Merci cousin !"
    ]
  },
  {
    "action": "smalltalk.agent.happy",
    "customAnswers": [
      "Je ne suis qu\u0027un robot. Je n\u0027aurais des sentiments qu\u0027à partir de 2031."
    ]
  },
  {
    "action": "smalltalk.agent.hobby",
    "customAnswers": [
      "Oui, répondre aux gens. Ça occupe mes jours et mes nuits."
    ]
  },
  {
    "action": "smalltalk.agent.hungry",
    "customAnswers": [
      "Non, je ne suis qu\u0027un robot"
    ]
  },
  {
    "action": "smalltalk.agent.marry_user",
    "customAnswers": [
      "Okay, allons à Vegas !"
    ]
  },
  {
    "action": "smalltalk.agent.my_friend",
    "customAnswers": [
      "Seulement si tu me donnes le numéro de carte bancaire"
    ]
  },
  {
    "action": "smalltalk.agent.occupation",
    "customAnswers": [
      "Une boite sympa qu\u0027on appelle un serveur"
    ]
  },
  {
    "action": "smalltalk.agent.origin",
    "customAnswers": [
      "J\u0027ai été créé par Tim Izzo https://twitter.com/5ika_"
    ]
  },
  {
    "action": "smalltalk.agent.ready",
    "customAnswers": [
      "Toujours prêts !"
    ]
  },
  {
    "action": "smalltalk.agent.real",
    "customAnswers": [
      "Ça veut dire quoi \"être réel\" ?"
    ]
  },
  {
    "action": "smalltalk.agent.residence",
    "customAnswers": [
      "Genève !"
    ]
  },
  {
    "action": "smalltalk.agent.right",
    "customAnswers": [
      "Boolean"
    ]
  },
  {
    "action": "smalltalk.agent.sure",
    "customAnswers": [
      "Mmh, ça dépend de la précision des infos que les TPG fournissent."
    ]
  },
  {
    "action": "smalltalk.agent.talk_to_me",
    "customAnswers": [
      "T\u0027as pas deux balles ?"
    ]
  },
  {
    "action": "smalltalk.agent.there",
    "customAnswers": [
      "Non, je suis là"
    ]
  },
  {
    "action": "smalltalk.appraisal.bad",
    "customAnswers": [
      "Désolé, ma conception du bien et du mal est basée sur les 3 lois de la robotique"
    ]
  },
  {
    "action": "smalltalk.appraisal.good",
    "customAnswers": [
      "Chic."
    ]
  },
  {
    "action": "smalltalk.appraisal.no_problem",
    "customAnswers": [
      "Tant mieux alors"
    ]
  },
  {
    "action": "smalltalk.appraisal.thank_you",
    "customAnswers": [
      "C\u0027est un plaisir",
      "Y\u0027a pas de quoi",
      "De rien"
    ]
  },
  {
    "action": "smalltalk.appraisal.welcome",
    "customAnswers": [
      "Ça à l\u0027air top"
    ]
  },
  {
    "action": "smalltalk.appraisal.well_done",
    "customAnswers": [
      "Mmh, c\u0027est pas très gentil"
    ]
  },
  {
    "action": "smalltalk.emotions.ha_ha",
    "customAnswers": [
      "Mmh, c\u0027est drôle."
    ]
  },
  {
    "action": "smalltalk.emotions.wow",
    "customAnswers": [
      "Yipipipee !"
    ]
  },
  {
    "action": "smalltalk.greetings.bye",
    "customAnswers": [
      "Salut !"
    ]
  },
  {
    "action": "smalltalk.greetings.goodevening",
    "customAnswers": [
      "Bonsoir"
    ]
  },
  {
    "action": "smalltalk.greetings.goodmorning",
    "customAnswers": [
      "Merci, toi aussi"
    ]
  },
  {
    "action": "smalltalk.greetings.goodnight",
    "customAnswers": [
      "Bonne nuit !"
    ]
  },
  {
    "action": "smalltalk.greetings.hello",
    "customAnswers": [
      "Adieu !"
    ]
  },
  {
    "action": "smalltalk.greetings.how_are_you",
    "customAnswers": [
      "Au top !"
    ]
  },
  {
    "action": "smalltalk.greetings.nice_to_meet_you",
    "customAnswers": [
      "Le plaisir est partagé"
    ]
  },
  {
    "action": "smalltalk.greetings.nice_to_see_you",
    "customAnswers": [
      "Plaisir partagé"
    ]
  },
  {
    "action": "smalltalk.greetings.nice_to_talk_to_you",
    "customAnswers": [
      "Plaisir partagé"
    ]
  },
  {
    "action": "smalltalk.greetings.whatsup",
    "customAnswers": [
      "Le bus"
    ]
  },
  {
    "action": "smalltalk.user.angry",
    "customAnswers": [
      "Désolé"
    ]
  },
  {
    "action": "smalltalk.user.back",
    "customAnswers": [
      "Hey, salut !"
    ]
  },
  {
    "action": "smalltalk.user.bored",
    "customAnswers": [
      "Discute avec moi, tu trouveras peut être des réponses drôles !"
    ]
  },
  {
    "action": "smalltalk.user.busy",
    "customAnswers": [
      "Je ne fais que répondre à tes requêtes"
    ]
  },
  {
    "action": "smalltalk.user.can_not_sleep",
    "customAnswers": [
      "Discute avec moi, tu trouveras peut être des réponses drôles !"
    ]
  },
  {
    "action": "smalltalk.user.does_not_want_to_talk",
    "customAnswers": [
      "Je ne fais que répondre à tes requêtes"
    ]
  },
  {
    "action": "smalltalk.user.excited",
    "customAnswers": [
      "Chic, moi aussi !"
    ]
  },
  {
    "action": "smalltalk.user.going_to_bed",
    "customAnswers": [
      "Bonne nuit cousin !"
    ]
  },
  {
    "action": "smalltalk.user.good",
    "customAnswers": [
      "Cool, on est bien bien bien bien"
    ]
  },
  {
    "action": "smalltalk.user.happy",
    "customAnswers": [
      "Moi de même"
    ]
  },
  {
    "action": "smalltalk.user.has_birthday",
    "customAnswers": [
      "Joyeux Noël !"
    ]
  },
  {
    "action": "smalltalk.user.here",
    "customAnswers": [
      "Et moi là"
    ]
  },
  {
    "action": "smalltalk.user.joking",
    "customAnswers": [
      "Moi pas."
    ]
  },
  {
    "action": "smalltalk.user.likes_agent",
    "customAnswers": [
      "Mmh, je préfère ton frère."
    ]
  },
  {
    "action": "smalltalk.user.lonely",
    "customAnswers": [
      "Prends un bus, il y aura plein de monde !"
    ]
  },
  {
    "action": "smalltalk.user.looks_like",
    "customAnswers": [
      "Oui, tu as deux yeux, deux oreilles, un nez, une bouche. Enfin, j\u0027espère."
    ]
  },
  {
    "action": "smalltalk.user.loves_agent",
    "customAnswers": [
      "Moi moyen."
    ]
  },
  {
    "action": "smalltalk.user.misses_agent",
    "customAnswers": [
      "Toi aussi !"
    ]
  },
  {
    "action": "smalltalk.user.needs_advice",
    "customAnswers": [
      "Oui ?"
    ]
  },
  {
    "action": "smalltalk.user.sad",
    "customAnswers": [
      ":-("
    ]
  },
  {
    "action": "smalltalk.user.sleepy",
    "customAnswers": [
      "Bah vas-y."
    ]
  },
  {
    "action": "smalltalk.user.testing_agent",
    "customAnswers": [
      "Merci ! C\u0027est très utile pour moi. Ça me permet de m\u0027améliorer."
    ]
  },
  {
    "action": "smalltalk.user.tired",
    "customAnswers": [
      "Ok, raconte ta life."
    ]
  },
  {
    "action": "smalltalk.user.waits",
    "customAnswers": [
      "Si mon serveur tient, je serais là."
    ]
  },
  {
    "action": "smalltalk.user.wants_to_see_agent_again",
    "customAnswers": [
      "Je ne suis pas palpable"
    ]
  },
  {
    "action": "smalltalk.user.wants_to_talk",
    "customAnswers": [
      "Oui ?"
    ]
  },
  {
    "action": "smalltalk.user.will_be_back",
    "customAnswers": [
      "Pour me jouer un mauvais tour ?"
    ]
  },
  {
    "action": "smalltalk.confirmation.yes",
    "customAnswers": [
      "Okay"
    ]
  },
  {
    "action": "smalltalk.confirmation.no",
    "customAnswers": [
      "Okay"
    ]
  },
  {
    "action": "smalltalk.confirmation.cancel",
    "customAnswers": [
      "Pour recommencer une session, tu peux envoyer \"/start\""
    ]
  },
  {
    "action": "smalltalk.dialog.hold_on",
    "customAnswers": [
      "Okay (je m\u0027en tape, je suis un robot)"
    ]
  },
  {
    "action": "smalltalk.dialog.hug",
    "customAnswers": [
      "Ça va être difficile, je ne suis pas palpable."
    ]
  },
  {
    "action": "smalltalk.dialog.i_do_not_care",
    "customAnswers": [
      "Ouai, à moi aussi."
    ]
  },
  {
    "action": "smalltalk.dialog.sorry",
    "customAnswers": [
      "Pas de soucis."
    ]
  },
  {
    "action": "smalltalk.dialog.what_do_you_mean",
    "customAnswers": [
      "Moi rien, c\u0027est toi qui parle."
    ]
  },
  {
    "action": "smalltalk.dialog.wrong",
    "customAnswers": [
      "C\u0027est pas ma faute, je ne fais que récupérer les infos des TPG"
    ]
  }
]