[
  {
    "value": "1",
    "synonyms": [
      "1"
    ]
  },
  {
    "value": "2",
    "synonyms": [
      "2"
    ]
  },
  {
    "value": "3",
    "synonyms": [
      "3"
    ]
  },
  {
    "value": "5",
    "synonyms": [
      "5"
    ]
  },
  {
    "value": "6",
    "synonyms": [
      "6"
    ]
  },
  {
    "value": "7",
    "synonyms": [
      "7"
    ]
  },
  {
    "value": "8",
    "synonyms": [
      "8"
    ]
  },
  {
    "value": "9",
    "synonyms": [
      "9"
    ]
  },
  {
    "value": "10",
    "synonyms": [
      "10"
    ]
  },
  {
    "value": "11",
    "synonyms": [
      "11"
    ]
  },
  {
    "value": "12",
    "synonyms": [
      "12"
    ]
  },
  {
    "value": "14",
    "synonyms": [
      "14"
    ]
  },
  {
    "value": "15",
    "synonyms": [
      "15"
    ]
  },
  {
    "value": "18",
    "synonyms": [
      "18"
    ]
  },
  {
    "value": "19",
    "synonyms": [
      "19"
    ]
  },
  {
    "value": "21",
    "synonyms": [
      "21"
    ]
  },
  {
    "value": "22",
    "synonyms": [
      "22"
    ]
  },
  {
    "value": "23",
    "synonyms": [
      "23"
    ]
  },
  {
    "value": "25",
    "synonyms": [
      "25"
    ]
  },
  {
    "value": "28",
    "synonyms": [
      "28"
    ]
  },
  {
    "value": "31",
    "synonyms": [
      "31"
    ]
  },
  {
    "value": "33",
    "synonyms": [
      "33"
    ]
  },
  {
    "value": "34",
    "synonyms": [
      "34"
    ]
  },
  {
    "value": "35",
    "synonyms": [
      "35"
    ]
  },
  {
    "value": "36",
    "synonyms": [
      "36"
    ]
  },
  {
    "value": "41",
    "synonyms": [
      "41"
    ]
  },
  {
    "value": "42",
    "synonyms": [
      "42"
    ]
  },
  {
    "value": "43",
    "synonyms": [
      "43"
    ]
  },
  {
    "value": "44",
    "synonyms": [
      "44"
    ]
  },
  {
    "value": "45",
    "synonyms": [
      "45"
    ]
  },
  {
    "value": "46",
    "synonyms": [
      "46"
    ]
  },
  {
    "value": "47",
    "synonyms": [
      "47"
    ]
  },
  {
    "value": "51",
    "synonyms": [
      "51"
    ]
  },
  {
    "value": "53",
    "synonyms": [
      "53"
    ]
  },
  {
    "value": "54",
    "synonyms": [
      "54"
    ]
  },
  {
    "value": "57",
    "synonyms": [
      "57"
    ]
  },
  {
    "value": "61",
    "synonyms": [
      "61"
    ]
  },
  {
    "value": "A",
    "synonyms": [
      "A"
    ]
  },
  {
    "value": "B",
    "synonyms": [
      "B"
    ]
  },
  {
    "value": "C",
    "synonyms": [
      "C"
    ]
  },
  {
    "value": "D",
    "synonyms": [
      "D"
    ]
  },
  {
    "value": "E",
    "synonyms": [
      "E"
    ]
  },
  {
    "value": "F",
    "synonyms": [
      "F"
    ]
  },
  {
    "value": "G",
    "synonyms": [
      "G"
    ]
  },
  {
    "value": "J",
    "synonyms": [
      "J"
    ]
  },
  {
    "value": "K",
    "synonyms": [
      "K"
    ]
  },
  {
    "value": "L",
    "synonyms": [
      "L"
    ]
  },
  {
    "value": "M",
    "synonyms": [
      "M"
    ]
  },
  {
    "value": "N",
    "synonyms": [
      "N"
    ]
  },
  {
    "value": "O",
    "synonyms": [
      "O"
    ]
  },
  {
    "value": "P",
    "synonyms": [
      "P"
    ]
  },
  {
    "value": "S",
    "synonyms": [
      "S"
    ]
  },
  {
    "value": "T",
    "synonyms": [
      "T"
    ]
  },
  {
    "value": "U",
    "synonyms": [
      "U"
    ]
  },
  {
    "value": "V",
    "synonyms": [
      "V"
    ]
  },
  {
    "value": "W",
    "synonyms": [
      "W"
    ]
  },
  {
    "value": "X",
    "synonyms": [
      "X"
    ]
  },
  {
    "value": "Y",
    "synonyms": [
      "Y"
    ]
  },
  {
    "value": "Z",
    "synonyms": [
      "Z"
    ]
  },
  {
    "value": "5+",
    "synonyms": [
      "5+"
    ]
  },
  {
    "value": "C+",
    "synonyms": [
      "C+"
    ]
  },
  {
    "value": "G+",
    "synonyms": [
      "G+"
    ]
  },
  {
    "value": "V+",
    "synonyms": [
      "V+"
    ]
  },
  {
    "value": "M1",
    "synonyms": [
      "M1"
    ]
  },
  {
    "value": "M2",
    "synonyms": [
      "M2"
    ]
  },
  {
    "value": "M3",
    "synonyms": [
      "M3"
    ]
  },
  {
    "value": "M4",
    "synonyms": [
      "M4"
    ]
  },
  {
    "value": "71",
    "synonyms": [
      "71"
    ]
  },
  {
    "value": "72",
    "synonyms": [
      "72"
    ]
  },
  {
    "value": "73",
    "synonyms": [
      "73"
    ]
  },
  {
    "value": "74",
    "synonyms": [
      "74"
    ]
  }
]