[
  {
    "value": "2MON",
    "synonyms": [
      "2MON",
      "Deux Montagnes"
    ]
  },
  {
    "value": "31DC",
    "synonyms": [
      "31DC",
      "31 Décembre"
    ]
  },
  {
    "value": "AAIN",
    "synonyms": [
      "AAIN",
      "Avenue de l’Ain"
    ]
  },
  {
    "value": "ABBA",
    "synonyms": [
      "ABBA",
      "L\u0027Abbaye",
      "Abbaye"
    ]
  },
  {
    "value": "ABON",
    "synonyms": [
      "ABON",
      "Abondance"
    ]
  },
  {
    "value": "ACAC",
    "synonyms": [
      "ACAC",
      "Acacias"
    ]
  },
  {
    "value": "ACCM",
    "synonyms": [
      "ACCM",
      "Communauté-Communes",
      "communauté communes"
    ]
  },
  {
    "value": "ACCV",
    "synonyms": [
      "ACCV",
      "Centre de Convention",
      "centre convention"
    ]
  },
  {
    "value": "ACIA",
    "synonyms": [
      "ACIA",
      "Acacias"
    ]
  },
  {
    "value": "ADLI",
    "synonyms": [
      "ADLI",
      "Adrien-Ligué",
      "adrien ligué"
    ]
  },
  {
    "value": "ADOU",
    "synonyms": [
      "ADOU",
      "Ancienne-Douane",
      "ancienne douane"
    ]
  },
  {
    "value": "AERO",
    "synonyms": [
      "AERO",
      "Aéroport",
      "aeroport",
      "areoport",
      "aréoport"
    ]
  },
  {
    "value": "AGAZ",
    "synonyms": [
      "AGAZ",
      "Usine à Gaz",
      "usine gaz"
    ]
  },
  {
    "value": "AGLA",
    "synonyms": [
      "AGLA",
      "Les Aglands",
      "aglands"
    ]
  },
  {
    "value": "AGVR",
    "synonyms": [
      "AGVR",
      "Aigues-Vertes",
      "aigues vertes"
    ]
  },
  {
    "value": "AIRE",
    "synonyms": [
      "AIRE",
      "Aïre",
      "aire"
    ]
  },
  {
    "value": "AIVI",
    "synonyms": [
      "AIVI",
      "Aire-la-Ville",
      "aire la ville"
    ]
  },
  {
    "value": "AJEN",
    "synonyms": [
      "AJEN",
      "Jeandin"
    ]
  },
  {
    "value": "AJUR",
    "synonyms": [
      "AJUR",
      "Avenue du Jura"
    ]
  },
  {
    "value": "ALBA",
    "synonyms": [
      "ALBA",
      "Avully-Bachères",
      "avully bachères"
    ]
  },
  {
    "value": "ALEC",
    "synonyms": [
      "ALEC",
      "Avully-Ecole",
      "avully ecole",
      "avully école"
    ]
  },
  {
    "value": "ALGE",
    "synonyms": [
      "ALGE",
      "Avully-Gennecy",
      "avully gennecy"
    ]
  },
  {
    "value": "ALMA",
    "synonyms": [
      "ALMA",
      "Avully-Martinet",
      "avully martinet"
    ]
  },
  {
    "value": "ALPE",
    "synonyms": [
      "ALPE",
      "Alpes"
    ]
  },
  {
    "value": "ALTE",
    "synonyms": [
      "ALTE",
      "Altéa"
    ]
  },
  {
    "value": "ALVI",
    "synonyms": [
      "ALVI",
      "Avully-Village",
      "avully village"
    ]
  },
  {
    "value": "AMDO",
    "synonyms": [
      "AMDO",
      "Amandolier"
    ]
  },
  {
    "value": "ANCH",
    "synonyms": [
      "ANCH",
      "Anieres-Chavanne",
      "anieres chavanne"
    ]
  },
  {
    "value": "ANCI",
    "synonyms": [
      "ANCI",
      "Ancienne"
    ]
  },
  {
    "value": "ANDO",
    "synonyms": [
      "ANDO",
      "Anières-Douane",
      "anières douane"
    ]
  },
  {
    "value": "ANFR",
    "synonyms": [
      "ANFR",
      "Anc. Fruitière",
      "fruitière"
    ]
  },
  {
    "value": "ANGA",
    "synonyms": [
      "ANGA",
      "Annemasse Gare",
      "annemasse"
    ]
  },
  {
    "value": "ANGR",
    "synonyms": [
      "ANGR",
      "Anières-Gravière",
      "anières gravière"
    ]
  },
  {
    "value": "ANMA",
    "synonyms": [
      "ANMA",
      "Anières-Mairie",
      "anières mairie"
    ]
  },
  {
    "value": "ANPT",
    "synonyms": [
      "ANPT",
      "Annemasse Poste"
    ]
  },
  {
    "value": "ANRS",
    "synonyms": [
      "ANRS",
      "Anières-Village",
      "anières village"
    ]
  },
  {
    "value": "APCB",
    "synonyms": [
      "APCB",
      "Pont de Combe"
    ]
  },
  {
    "value": "APIA",
    "synonyms": [
      "APIA",
      "Appia"
    ]
  },
  {
    "value": "ARAN",
    "synonyms": [
      "ARAN",
      "Arande"
    ]
  },
  {
    "value": "ARAR",
    "synonyms": [
      "ARAR",
      "Arare"
    ]
  },
  {
    "value": "AREN",
    "synonyms": [
      "AREN",
      "Arena-Halle 7",
      "arena"
    ]
  },
  {
    "value": "ARME",
    "synonyms": [
      "ARME",
      "Armes"
    ]
  },
  {
    "value": "ARTI",
    "synonyms": [
      "ARTI",
      "Artisans"
    ]
  },
  {
    "value": "ATEC",
    "synonyms": [
      "ATEC",
      "Athenaz-Ecole",
      "athenaz ecole"
    ]
  },
  {
    "value": "ATHE",
    "synonyms": [
      "ATHE",
      "Athénée"
    ]
  },
  {
    "value": "ATTV",
    "synonyms": [
      "ATTV",
      "Attenville"
    ]
  },
  {
    "value": "ATVI",
    "synonyms": [
      "ATVI",
      "Athenaz-Village",
      "athenaz village"
    ]
  },
  {
    "value": "AUBI",
    "synonyms": [
      "AUBI",
      "Merle-d\u0027Aubigné",
      "merle d\u0027aubigné"
    ]
  },
  {
    "value": "AUGS",
    "synonyms": [
      "AUGS",
      "Augustins"
    ]
  },
  {
    "value": "AUMO",
    "synonyms": [
      "AUMO",
      "Aumônes"
    ]
  },
  {
    "value": "AVAN",
    "synonyms": [
      "AVAN",
      "Avanchet"
    ]
  },
  {
    "value": "AVIA",
    "synonyms": [
      "AVIA",
      "Aviateurs"
    ]
  },
  {
    "value": "AVSY",
    "synonyms": [
      "AVSY",
      "Avusy"
    ]
  },
  {
    "value": "BADO",
    "synonyms": [
      "BADO",
      "Badosse"
    ]
  },
  {
    "value": "BAIL",
    "synonyms": [
      "BAIL",
      "Les Baillets"
    ]
  },
  {
    "value": "BAIR",
    "synonyms": [
      "BAIR",
      "Bel-Air",
      "Bel Air",
      "belair"
    ]
  },
  {
    "value": "BALE",
    "synonyms": [
      "BALE",
      "Battelle"
    ]
  },
  {
    "value": "BALX",
    "synonyms": [
      "BALX",
      "Balexert"
    ]
  },
  {
    "value": "BANS",
    "synonyms": [
      "BANS",
      "Bains"
    ]
  },
  {
    "value": "BARA",
    "synonyms": [
      "BARA",
      "Les Baraques",
      "baraques"
    ]
  },
  {
    "value": "BARD",
    "synonyms": [
      "BARD",
      "Barde"
    ]
  },
  {
    "value": "BASL",
    "synonyms": [
      "BASL",
      "Basselat"
    ]
  },
  {
    "value": "BAUD",
    "synonyms": [
      "BAUD",
      "Curé-Baud",
      "curé baud"
    ]
  },
  {
    "value": "BAUM",
    "synonyms": [
      "BAUM",
      "Baumgartner"
    ]
  },
  {
    "value": "BBAY",
    "synonyms": [
      "BBAY",
      "Bois-de-Bay",
      "bois de bay"
    ]
  },
  {
    "value": "BCOL",
    "synonyms": [
      "BCOL",
      "Bas-Collonges"
    ]
  },
  {
    "value": "BCRE",
    "synonyms": [
      "BCRE",
      "Baulacre"
    ]
  },
  {
    "value": "BDOU",
    "synonyms": [
      "BDOU",
      "Bourdigny-Douane",
      "bourdigny douane"
    ]
  },
  {
    "value": "BELC",
    "synonyms": [
      "BELC",
      "Belle-Cour",
      "Belle cour"
    ]
  },
  {
    "value": "BELL",
    "synonyms": [
      "BELL",
      "Bellerive"
    ]
  },
  {
    "value": "BELS",
    "synonyms": [
      "BELS",
      "Bellins"
    ]
  },
  {
    "value": "BERU",
    "synonyms": [
      "BERU",
      "Champ Berou"
    ]
  },
  {
    "value": "BERV",
    "synonyms": [
      "BERV",
      "Beaumont-Rte de Viry",
      "Beaumont"
    ]
  },
  {
    "value": "BESS",
    "synonyms": [
      "BESS",
      "Bessinge"
    ]
  },
  {
    "value": "BFOU",
    "synonyms": [
      "BFOU",
      "Bourg-de-Four",
      "bourg de four"
    ]
  },
  {
    "value": "BGOU",
    "synonyms": [
      "BGOU",
      "Bois-Gourmand",
      "bois gourmand"
    ]
  },
  {
    "value": "BGRI",
    "synonyms": [
      "BGRI",
      "Les Bougeries",
      "Bougeries"
    ]
  },
  {
    "value": "BHET",
    "synonyms": [
      "BHET",
      "Bachet-de-Pesay",
      "Bachet",
      "Bachet de pesay"
    ]
  },
  {
    "value": "BICH",
    "synonyms": [
      "BICH",
      "Biches"
    ]
  },
  {
    "value": "BICN",
    "synonyms": [
      "BICN",
      "Belle-Idée-Chênes",
      "Belle idée chênes",
      "belle idée"
    ]
  },
  {
    "value": "BISA",
    "synonyms": [
      "BISA",
      "Belle-Idée-Salève",
      "Belle idée salève"
    ]
  },
  {
    "value": "BISE",
    "synonyms": [
      "BISE",
      "La Bise",
      "Bise"
    ]
  },
  {
    "value": "BIT0",
    "synonyms": [
      "BIT0",
      "BIT"
    ]
  },
  {
    "value": "BLAN",
    "synonyms": [
      "BLAN",
      "Blanche"
    ]
  },
  {
    "value": "BLCH",
    "synonyms": [
      "BLCH",
      "Blanchards"
    ]
  },
  {
    "value": "BLDO",
    "synonyms": [
      "BLDO",
      "Blandonnet"
    ]
  },
  {
    "value": "BLHE",
    "synonyms": [
      "BLHE",
      "Blanché"
    ]
  },
  {
    "value": "BLID",
    "synonyms": [
      "BLID",
      "Belle-Idée"
    ]
  },
  {
    "value": "BLOC",
    "synonyms": [
      "BLOC",
      "Château-Bloch",
      "Chateau bloch"
    ]
  },
  {
    "value": "BLOE",
    "synonyms": [
      "BLOE",
      "Baron de Loë"
    ]
  },
  {
    "value": "BLTE",
    "synonyms": [
      "BLTE",
      "La Belotte"
    ]
  },
  {
    "value": "BMON",
    "synonyms": [
      "BMON",
      "Bout-du-Monde",
      "Bout du monde"
    ]
  },
  {
    "value": "BNDL",
    "synonyms": [
      "BNDL",
      "Bandol"
    ]
  },
  {
    "value": "BOCA",
    "synonyms": [
      "BOCA",
      "Bois-Caran"
    ]
  },
  {
    "value": "BOCH",
    "synonyms": [
      "BOCH",
      "Bois-Chatton"
    ]
  },
  {
    "value": "BOGA",
    "synonyms": [
      "BOGA",
      "Bois-Galland"
    ]
  },
  {
    "value": "BOHT",
    "synonyms": [
      "BOHT",
      "Bouchet"
    ]
  },
  {
    "value": "BOIS",
    "synonyms": [
      "BOIS",
      "Boissier"
    ]
  },
  {
    "value": "BOLA",
    "synonyms": [
      "BOLA",
      "Bois-du-Lan",
      "bois du lan"
    ]
  },
  {
    "value": "BOLX",
    "synonyms": [
      "BOLX",
      "Bouleaux"
    ]
  },
  {
    "value": "BOND",
    "synonyms": [
      "BOND",
      "La Blonde"
    ]
  },
  {
    "value": "BOQU",
    "synonyms": [
      "BOQU",
      "Boqueteaux"
    ]
  },
  {
    "value": "BORN",
    "synonyms": [
      "BORN",
      "Ch. des Bornes"
    ]
  },
  {
    "value": "BOSY",
    "synonyms": [
      "BOSY",
      "Bossy"
    ]
  },
  {
    "value": "BOUV",
    "synonyms": [
      "BOUV",
      "Les Bouveries",
      "bouveries"
    ]
  },
  {
    "value": "BOVE",
    "synonyms": [
      "BOVE",
      "La Boverie",
      "boverie"
    ]
  },
  {
    "value": "BRDX",
    "synonyms": [
      "BRDX",
      "Bardonnex"
    ]
  },
  {
    "value": "BRET",
    "synonyms": [
      "BRET",
      "Bretonnière"
    ]
  },
  {
    "value": "BRUN",
    "synonyms": [
      "BRUN",
      "Brunette"
    ]
  },
  {
    "value": "BSEJ",
    "synonyms": [
      "BSEJ",
      "Beau-Séjour",
      "beau séjour"
    ]
  },
  {
    "value": "BSOL",
    "synonyms": [
      "BSOL",
      "Beau-Soleil",
      "beau soleil"
    ]
  },
  {
    "value": "BSOU",
    "synonyms": [
      "BSOU",
      "Bourdigny-Dessous",
      "bourdigny dessous"
    ]
  },
  {
    "value": "BSSN",
    "synonyms": [
      "BSSN",
      "Bossons"
    ]
  },
  {
    "value": "BSSY",
    "synonyms": [
      "BSSY",
      "Bassy"
    ]
  },
  {
    "value": "BSUS",
    "synonyms": [
      "BSUS",
      "Bourdigny-Dessus",
      "bourdigny dessus"
    ]
  },
  {
    "value": "BTIQ",
    "synonyms": [
      "BTIQ",
      "La Boutique",
      "Boutique"
    ]
  },
  {
    "value": "BTNI",
    "synonyms": [
      "BTNI",
      "Butini"
    ]
  },
  {
    "value": "BUGN",
    "synonyms": [
      "BUGN",
      "Bugnons"
    ]
  },
  {
    "value": "BUSS",
    "synonyms": [
      "BUSS",
      "Les Bussioz",
      "Bussioz"
    ]
  },
  {
    "value": "BUTN",
    "synonyms": [
      "BUTN",
      "Pont-Butin",
      "pont butin"
    ]
  },
  {
    "value": "BVRD",
    "synonyms": [
      "BVRD",
      "Bonvard"
    ]
  },
  {
    "value": "BVYL",
    "synonyms": [
      "BVYL",
      "Bovy-Lysberg",
      "bovy lysberg"
    ]
  },
  {
    "value": "BXEG",
    "synonyms": [
      "BXEG",
      "Bernex-Eglise",
      "bernex eglise"
    ]
  },
  {
    "value": "BXMA",
    "synonyms": [
      "BXMA",
      "Bernex-Mairie",
      "bernex mairie",
      "bernex"
    ]
  },
  {
    "value": "BXPL",
    "synonyms": [
      "BXPL",
      "Bernex-Place",
      "bernex place"
    ]
  },
  {
    "value": "BXSA",
    "synonyms": [
      "BXSA",
      "Bernex-Saule",
      "bernex saule"
    ]
  },
  {
    "value": "CAAM",
    "synonyms": [
      "CAAM",
      "Carre-d\u0027Amont",
      "carre d\u0027amont"
    ]
  },
  {
    "value": "CABO",
    "synonyms": [
      "CABO",
      "Bains de Cressy"
    ]
  },
  {
    "value": "CADO",
    "synonyms": [
      "CADO",
      "Cara-Douane",
      "cara douane"
    ]
  },
  {
    "value": "CALA",
    "synonyms": [
      "CALA",
      "Calas"
    ]
  },
  {
    "value": "CAMA",
    "synonyms": [
      "CAMA",
      "Carouge-Marché",
      "carouge marché",
      "marché"
    ]
  },
  {
    "value": "CAMP",
    "synonyms": [
      "CAMP",
      "Campanules"
    ]
  },
  {
    "value": "CAND",
    "synonyms": [
      "CAND",
      "Bois Candide"
    ]
  },
  {
    "value": "CANI",
    "synonyms": [
      "CANI",
      "Vésenaz-Californie",
      "vésenaz californie"
    ]
  },
  {
    "value": "CANO",
    "synonyms": [
      "CANO",
      "Canonnière"
    ]
  },
  {
    "value": "CAPI",
    "synonyms": [
      "CAPI",
      "Capite"
    ]
  },
  {
    "value": "CARO",
    "synonyms": [
      "CARO",
      "Caron"
    ]
  },
  {
    "value": "CARR",
    "synonyms": [
      "CARR",
      "Rue Carrée"
    ]
  },
  {
    "value": "CASI",
    "synonyms": [
      "CASI",
      "Casino"
    ]
  },
  {
    "value": "CAST",
    "synonyms": [
      "CAST",
      "Castan"
    ]
  },
  {
    "value": "CATH",
    "synonyms": [
      "CATH",
      "Cathédrale"
    ]
  },
  {
    "value": "CAVE",
    "synonyms": [
      "CAVE",
      "La Cave aux Fées"
    ]
  },
  {
    "value": "CAVX",
    "synonyms": [
      "CAVX",
      "Canal de Versoix"
    ]
  },
  {
    "value": "CBAC",
    "synonyms": [
      "CBAC",
      "Chemin du Bac"
    ]
  },
  {
    "value": "CBET",
    "synonyms": [
      "CBET",
      "Combettes"
    ]
  },
  {
    "value": "CBFO",
    "synonyms": [
      "CBFO",
      "Chambésy-Fontaine",
      "chambésy fontaine"
    ]
  },
  {
    "value": "CBOI",
    "synonyms": [
      "CBOI",
      "Chemin des Bois"
    ]
  },
  {
    "value": "CBPL",
    "synonyms": [
      "CBPL",
      "Chambésy-Place",
      "Chambésy place",
      "chambesy place"
    ]
  },
  {
    "value": "CCAP",
    "synonyms": [
      "CCAP",
      "Crêts-de-la-Capite",
      "crêts de la capite"
    ]
  },
  {
    "value": "CCAR",
    "synonyms": [
      "CCAR",
      "Champ-Carré",
      "champ carré"
    ]
  },
  {
    "value": "CCHA",
    "synonyms": [
      "CCHA",
      "Crêts-de-Champel",
      "crêts de champel"
    ]
  },
  {
    "value": "CCLA",
    "synonyms": [
      "CCLA",
      "Collège Claparède"
    ]
  },
  {
    "value": "CCOL",
    "synonyms": [
      "CCOL",
      "Croisée de Cologny",
      "Cologny Croisée",
      "Cologny-croisée"
    ]
  },
  {
    "value": "CCOT",
    "synonyms": [
      "CCOT",
      "Charcot"
    ]
  },
  {
    "value": "CCVT",
    "synonyms": [
      "CCVT",
      "Croix-de-Chavant",
      "croix de chavant"
    ]
  },
  {
    "value": "CDCH",
    "synonyms": [
      "CDCH",
      "Champ-Dollon chalet"
    ]
  },
  {
    "value": "CDOL",
    "synonyms": [
      "CDOL",
      "Champ-Dollon"
    ]
  },
  {
    "value": "CEAU",
    "synonyms": [
      "CEAU",
      "Croisée d\u0027Eaumorte",
      "Eaumorte-Croisée",
      "Eaumorte croisée"
    ]
  },
  {
    "value": "CEBE",
    "synonyms": [
      "CEBE",
      "Bois-Chébé"
    ]
  },
  {
    "value": "CENT",
    "synonyms": [
      "CENT",
      "Centenaire"
    ]
  },
  {
    "value": "CEPR",
    "synonyms": [
      "CEPR",
      "Ch. de l\u0027Eperon"
    ]
  },
  {
    "value": "CERG",
    "synonyms": [
      "CERG",
      "St Cergues Mairie"
    ]
  },
  {
    "value": "CERN",
    "synonyms": [
      "CERN",
      "CERN"
    ]
  },
  {
    "value": "CERV",
    "synonyms": [
      "CERV",
      "Cervonnex"
    ]
  },
  {
    "value": "CESL",
    "synonyms": [
      "CESL",
      "Collège P. Langevin"
    ]
  },
  {
    "value": "CETX",
    "synonyms": [
      "CETX",
      "Certoux"
    ]
  },
  {
    "value": "CFIL",
    "synonyms": [
      "CFIL",
      "Champ-des-Filles",
      "champ des filles"
    ]
  },
  {
    "value": "CFLO",
    "synonyms": [
      "CFLO",
      "Crêts-de-Florissant"
    ]
  },
  {
    "value": "CFOU",
    "synonyms": [
      "CFOU",
      "Ch. des Fours"
    ]
  },
  {
    "value": "CFRE",
    "synonyms": [
      "CFRE",
      "Champs-Fréchets"
    ]
  },
  {
    "value": "CFUS",
    "synonyms": [
      "CFUS",
      "Champ-Fusy"
    ]
  },
  {
    "value": "CGNY",
    "synonyms": [
      "CGNY",
      "Chougny"
    ]
  },
  {
    "value": "CHAB",
    "synonyms": [
      "CHAB",
      "Beaumont Chable",
      "chable"
    ]
  },
  {
    "value": "CHAR",
    "synonyms": [
      "CHAR",
      "Charrot"
    ]
  },
  {
    "value": "CHAV",
    "synonyms": [
      "CHAV",
      "Chavannes des Bois"
    ]
  },
  {
    "value": "CHCL",
    "synonyms": [
      "CHCL",
      "Champ-Claude"
    ]
  },
  {
    "value": "CHDO",
    "synonyms": [
      "CHDO",
      "Ch. de la Douane"
    ]
  },
  {
    "value": "CHEC",
    "synonyms": [
      "CHEC",
      "Challex-Ecole"
    ]
  },
  {
    "value": "CHHA",
    "synonyms": [
      "CHHA",
      "Challex-La Halle"
    ]
  },
  {
    "value": "CHLA",
    "synonyms": [
      "CHLA",
      "Châtelaine"
    ]
  },
  {
    "value": "CHLE",
    "synonyms": [
      "CHLE",
      "Chens-sur-Léman"
    ]
  },
  {
    "value": "CHLX",
    "synonyms": [
      "CHLX",
      "Choulex"
    ]
  },
  {
    "value": "CHMA",
    "synonyms": [
      "CHMA",
      "La Chaumaz"
    ]
  },
  {
    "value": "CHNE",
    "synonyms": [
      "CHNE",
      "Chêne-Bougeries",
      "chêne bougeries",
      "chene bougeries"
    ]
  },
  {
    "value": "CHOR",
    "synonyms": [
      "CHOR",
      "Centre Horticole"
    ]
  },
  {
    "value": "CHPC",
    "synonyms": [
      "CHPC",
      "Chablais-Parc"
    ]
  },
  {
    "value": "CHPR",
    "synonyms": [
      "CHPR",
      "Ch. des Princes",
      "chemin des princes"
    ]
  },
  {
    "value": "CHRM",
    "synonyms": [
      "CHRM",
      "Charmilles"
    ]
  },
  {
    "value": "CHSE",
    "synonyms": [
      "CHSE",
      "Challex-Eglise"
    ]
  },
  {
    "value": "CHTE",
    "synonyms": [
      "CHTE",
      "Ch. du Terraillet"
    ]
  },
  {
    "value": "CHTS",
    "synonyms": [
      "CHTS",
      "Chânats"
    ]
  },
  {
    "value": "CHVO",
    "synonyms": [
      "CHVO",
      "Château de Voltaire"
    ]
  },
  {
    "value": "CHVR",
    "synonyms": [
      "CHVR",
      "Chevrier"
    ]
  },
  {
    "value": "CIMT",
    "synonyms": [
      "CIMT",
      "Cimetière St-Georges"
    ]
  },
  {
    "value": "CING",
    "synonyms": [
      "CING",
      "Camping Bois-de-Bay"
    ]
  },
  {
    "value": "CIPO",
    "synonyms": [
      "CIPO",
      "Corsier-Port"
    ]
  },
  {
    "value": "CIRQ",
    "synonyms": [
      "CIRQ",
      "Cirque"
    ]
  },
  {
    "value": "CIVI",
    "synonyms": [
      "CIVI",
      "Corsier-Village",
      "corsier"
    ]
  },
  {
    "value": "CLAP",
    "synonyms": [
      "CLAP",
      "Claparède"
    ]
  },
  {
    "value": "CLBH",
    "synonyms": [
      "CLBH",
      "Collonges-Bourg Haut"
    ]
  },
  {
    "value": "CLCO",
    "synonyms": [
      "CLCO",
      "Clinique La Colline",
      "la colline"
    ]
  },
  {
    "value": "CLDR",
    "synonyms": [
      "CLDR",
      "Calandrini"
    ]
  },
  {
    "value": "CLFL",
    "synonyms": [
      "CLFL",
      "Clos-Fleury",
      "close fleury"
    ]
  },
  {
    "value": "CLGE",
    "synonyms": [
      "CLGE",
      "Collonge"
    ]
  },
  {
    "value": "CLIG",
    "synonyms": [
      "CLIG",
      "Cité Lignon",
      "Lignon cité",
      "Lignon-cité"
    ]
  },
  {
    "value": "CLJO",
    "synonyms": [
      "CLJO",
      "Collège Le Joran"
    ]
  },
  {
    "value": "CLLY",
    "synonyms": [
      "CLLY",
      "Choully"
    ]
  },
  {
    "value": "CLMA",
    "synonyms": [
      "CLMA",
      "Collonges-Mairie"
    ]
  },
  {
    "value": "CLYS",
    "synonyms": [
      "CLYS",
      "Ch. des Clys"
    ]
  },
  {
    "value": "CMAR",
    "synonyms": [
      "CMAR",
      "Camille-Martin"
    ]
  },
  {
    "value": "CMOL",
    "synonyms": [
      "CMOL",
      "Clos du Môlan"
    ]
  },
  {
    "value": "CMRE",
    "synonyms": [
      "CMRE",
      "Communes-Réunies",
      "communes réunies"
    ]
  },
  {
    "value": "CNAE",
    "synonyms": [
      "CNAE",
      "Chênaie"
    ]
  },
  {
    "value": "CNDA",
    "synonyms": [
      "CNDA",
      "Canada"
    ]
  },
  {
    "value": "COBI",
    "synonyms": [
      "COBI",
      "Colombières"
    ]
  },
  {
    "value": "COCH",
    "synonyms": [
      "COCH",
      "Conches"
    ]
  },
  {
    "value": "COCU",
    "synonyms": [
      "COCU",
      "Cocuaz"
    ]
  },
  {
    "value": "CODN",
    "synonyms": [
      "CODN",
      "Colladon"
    ]
  },
  {
    "value": "COLE",
    "synonyms": [
      "COLE",
      "Collège du Léman"
    ]
  },
  {
    "value": "COLO",
    "synonyms": [
      "COLO",
      "Colovrex"
    ]
  },
  {
    "value": "COLX",
    "synonyms": [
      "COLX",
      "Ch. de Collex"
    ]
  },
  {
    "value": "COMC",
    "synonyms": [
      "COMC",
      "Combes Chapuis"
    ]
  },
  {
    "value": "CONF",
    "synonyms": [
      "CONF",
      "Confignon-Mairie",
      "confignon"
    ]
  },
  {
    "value": "COPC",
    "synonyms": [
      "COPC",
      "Coprin Chevelu"
    ]
  },
  {
    "value": "COPS",
    "synonyms": [
      "COPS",
      "Compesières"
    ]
  },
  {
    "value": "COQU",
    "synonyms": [
      "COQU",
      "Coqueloup"
    ]
  },
  {
    "value": "CORB",
    "synonyms": [
      "CORB",
      "Corbillettes"
    ]
  },
  {
    "value": "CORD",
    "synonyms": [
      "CORD",
      "Concorde"
    ]
  },
  {
    "value": "CORE",
    "synonyms": [
      "CORE",
      "Corbière"
    ]
  },
  {
    "value": "COSO",
    "synonyms": [
      "COSO",
      "Courson"
    ]
  },
  {
    "value": "COTR",
    "synonyms": [
      "COTR",
      "Au Contour"
    ]
  },
  {
    "value": "COUT",
    "synonyms": [
      "COUT",
      "Coutance"
    ]
  },
  {
    "value": "COVI",
    "synonyms": [
      "COVI",
      "Corsinge-Village",
      "corsinge"
    ]
  },
  {
    "value": "CPAR",
    "synonyms": [
      "CPAR",
      "Ch. du Paradis",
      "chemin du paradis"
    ]
  },
  {
    "value": "CPEL",
    "synonyms": [
      "CPEL",
      "La Chapelle"
    ]
  },
  {
    "value": "CPLT",
    "synonyms": [
      "CPLT",
      "Chantepoulet"
    ]
  },
  {
    "value": "CPOI",
    "synonyms": [
      "CPOI",
      "Compois"
    ]
  },
  {
    "value": "CRBS",
    "synonyms": [
      "CRBS",
      "Courbes"
    ]
  },
  {
    "value": "CRCH",
    "synonyms": [
      "CRCH",
      "Croix-en-Champagne"
    ]
  },
  {
    "value": "CRCO",
    "synonyms": [
      "CRCO",
      "Croisée de Confignon"
    ]
  },
  {
    "value": "CREN",
    "synonyms": [
      "CREN",
      "CO Renard"
    ]
  },
  {
    "value": "CRGE",
    "synonyms": [
      "CRGE",
      "Carouge-Rondeau",
      "carouge",
      "rondeau",
      "carouge rondeau"
    ]
  },
  {
    "value": "CRIG",
    "synonyms": [
      "CRIG",
      "Chemin du Righi",
      "righi"
    ]
  },
  {
    "value": "CRNR",
    "synonyms": [
      "CRNR",
      "Cornière"
    ]
  },
  {
    "value": "CROI",
    "synonyms": [
      "CROI",
      "Croisette"
    ]
  },
  {
    "value": "CRRY",
    "synonyms": [
      "CRRY",
      "Crédery"
    ]
  },
  {
    "value": "CRSY",
    "synonyms": [
      "CRSY",
      "Cressy"
    ]
  },
  {
    "value": "CRTE",
    "synonyms": [
      "CRTE",
      "Crête"
    ]
  },
  {
    "value": "CRUP",
    "synonyms": [
      "CRUP",
      "Creux-du-Loup"
    ]
  },
  {
    "value": "CSLB",
    "synonyms": [
      "CSLB",
      "CS Bécassière"
    ]
  },
  {
    "value": "CTGY",
    "synonyms": [
      "CTGY",
      "Cartigny"
    ]
  },
  {
    "value": "CTMI",
    "synonyms": [
      "CTMI",
      "Contamines"
    ]
  },
  {
    "value": "CTNT",
    "synonyms": [
      "CTNT",
      "Cottenets"
    ]
  },
  {
    "value": "CTRS",
    "synonyms": [
      "CTRS",
      "Châtaignières"
    ]
  },
  {
    "value": "CUIS",
    "synonyms": [
      "CUIS",
      "Cuisine"
    ]
  },
  {
    "value": "CVER",
    "synonyms": [
      "CVER",
      "Ch. Vert"
    ]
  },
  {
    "value": "CVIN",
    "synonyms": [
      "CVIN",
      "Gare Cornavin",
      "cornavin",
      "gare"
    ]
  },
  {
    "value": "CVRN",
    "synonyms": [
      "CVRN",
      "Chevrens"
    ]
  },
  {
    "value": "CVUE",
    "synonyms": [
      "CVUE",
      "Claire-Vue"
    ]
  },
  {
    "value": "CXAB",
    "synonyms": [
      "CXAB",
      "Croix d\u0027Ambilly"
    ]
  },
  {
    "value": "CXCE",
    "synonyms": [
      "CXCE",
      "Collex-Centre"
    ]
  },
  {
    "value": "CXEC",
    "synonyms": [
      "CXEC",
      "Collex-Ecole"
    ]
  },
  {
    "value": "CYDN",
    "synonyms": [
      "CYDN",
      "Chancy-Douane"
    ]
  },
  {
    "value": "CYMA",
    "synonyms": [
      "CYMA",
      "Cologny-Mairie",
      "cologny"
    ]
  },
  {
    "value": "CYNO",
    "synonyms": [
      "CYNO",
      "Cynodrome"
    ]
  },
  {
    "value": "CYNT",
    "synonyms": [
      "CYNT",
      "Cessy-Centre"
    ]
  },
  {
    "value": "CYPR",
    "synonyms": [
      "CYPR",
      "Cyprès"
    ]
  },
  {
    "value": "CYRA",
    "synonyms": [
      "CYRA",
      "Chancy-Raclerets"
    ]
  },
  {
    "value": "CYTE",
    "synonyms": [
      "CYTE",
      "Cologny-Temple",
      "cologny temple"
    ]
  },
  {
    "value": "CYUS",
    "synonyms": [
      "CYUS",
      "Chancy-Usine"
    ]
  },
  {
    "value": "CYVI",
    "synonyms": [
      "CYVI",
      "Chancy-Village",
      "chancy"
    ]
  },
  {
    "value": "CZDN",
    "synonyms": [
      "CZDN",
      "Croix-de-Rozon-Dne",
      "croix de rozon douane",
      "douane de croix de rozon",
      "croix de rozon",
      "croix de rozon douane"
    ]
  },
  {
    "value": "CZPL",
    "synonyms": [
      "CZPL",
      "Croix-de-Rozon-Place",
      "croix de rozon place"
    ]
  },
  {
    "value": "DARD",
    "synonyms": [
      "DARD",
      "Dardagny"
    ]
  },
  {
    "value": "DEHA",
    "synonyms": [
      "DEHA",
      "De Haller"
    ]
  },
  {
    "value": "DELC",
    "synonyms": [
      "DELC",
      "Délices"
    ]
  },
  {
    "value": "DLAY",
    "synonyms": [
      "DLAY",
      "Delay"
    ]
  },
  {
    "value": "DODE",
    "synonyms": [
      "DODE",
      "La Dode"
    ]
  },
  {
    "value": "DOLE",
    "synonyms": [
      "DOLE",
      "Dôle"
    ]
  },
  {
    "value": "DOUZ",
    "synonyms": [
      "DOUZ",
      "Chandouze"
    ]
  },
  {
    "value": "DRIZ",
    "synonyms": [
      "DRIZ",
      "Drize"
    ]
  },
  {
    "value": "DSTA",
    "synonyms": [
      "DSTA",
      "Lycée De Staël",
      "lycée de stael"
    ]
  },
  {
    "value": "DUCH",
    "synonyms": [
      "DUCH",
      "Dusonchet"
    ]
  },
  {
    "value": "DWES",
    "synonyms": [
      "DWES",
      "De-Westerweller"
    ]
  },
  {
    "value": "EAUM",
    "synonyms": [
      "EAUM",
      "Eaumorte",
      "Eaumorte-Hameau",
      "Eaumorte Hameau"
    ]
  },
  {
    "value": "ECOG",
    "synonyms": [
      "ECOG",
      "Ecogia"
    ]
  },
  {
    "value": "ECU0",
    "synonyms": [
      "ECU0",
      "Ecu"
    ]
  },
  {
    "value": "EDVA",
    "synonyms": [
      "EDVA",
      "Vallet"
    ]
  },
  {
    "value": "EGRU",
    "synonyms": [
      "EGRU",
      "Eglise Russe"
    ]
  },
  {
    "value": "EMED",
    "synonyms": [
      "EMED",
      "Ecole-Médecine",
      "edm",
      "ecole de médecine",
      "école médecine"
    ]
  },
  {
    "value": "ENVE",
    "synonyms": [
      "ENVE",
      "Entrée-Versoix"
    ]
  },
  {
    "value": "EPIN",
    "synonyms": [
      "EPIN",
      "Epinettes"
    ]
  },
  {
    "value": "ESRT",
    "synonyms": [
      "ESRT",
      "Les Esserts"
    ]
  },
  {
    "value": "ESSE",
    "synonyms": [
      "ESSE",
      "Essertet"
    ]
  },
  {
    "value": "ESTR",
    "synonyms": [
      "ESTR",
      "Essertines"
    ]
  },
  {
    "value": "ETOI",
    "synonyms": [
      "ETOI",
      "P+R Etoile",
      "P+R étoile",
      "pr étoile",
      "p+r etoile",
      "pr etoile"
    ]
  },
  {
    "value": "EURO",
    "synonyms": [
      "EURO",
      "Europe"
    ]
  },
  {
    "value": "EVAU",
    "synonyms": [
      "EVAU",
      "Evaux"
    ]
  },
  {
    "value": "EVOR",
    "synonyms": [
      "EVOR",
      "Evordes"
    ]
  },
  {
    "value": "FALQ",
    "synonyms": [
      "FALQ",
      "Falquets"
    ]
  },
  {
    "value": "FAVR",
    "synonyms": [
      "FAVR",
      "Place Favre"
    ]
  },
  {
    "value": "FAYA",
    "synonyms": [
      "FAYA",
      "Les Fayards"
    ]
  },
  {
    "value": "FDUS",
    "synonyms": [
      "FDUS",
      "Dussaud"
    ]
  },
  {
    "value": "FEMA",
    "synonyms": [
      "FEMA",
      "Ferney-V.-Mairie",
      "Ferney voltaire"
    ]
  },
  {
    "value": "FENE",
    "synonyms": [
      "FENE",
      "La Fenêtre"
    ]
  },
  {
    "value": "FESA",
    "synonyms": [
      "FESA",
      "Ferme Sarasin"
    ]
  },
  {
    "value": "FEUL",
    "synonyms": [
      "FEUL",
      "Feuillat"
    ]
  },
  {
    "value": "FILI",
    "synonyms": [
      "FILI",
      "Fillion"
    ]
  },
  {
    "value": "FLCE",
    "synonyms": [
      "FLCE",
      "Florence"
    ]
  },
  {
    "value": "FLIZ",
    "synonyms": [
      "FLIZ",
      "Liszt"
    ]
  },
  {
    "value": "FLOR",
    "synonyms": [
      "FLOR",
      "Floralies"
    ]
  },
  {
    "value": "FLRI",
    "synonyms": [
      "FLRI",
      "Florissant"
    ]
  },
  {
    "value": "FOAN",
    "synonyms": [
      "FOAN",
      "Anières-Foyer"
    ]
  },
  {
    "value": "FOES",
    "synonyms": [
      "FOES",
      "Fontanettes"
    ]
  },
  {
    "value": "FOLN",
    "synonyms": [
      "FOLN",
      "Foulon"
    ]
  },
  {
    "value": "FONT",
    "synonyms": [
      "FONT",
      "Fontenette"
    ]
  },
  {
    "value": "FORU",
    "synonyms": [
      "FORU",
      "Forumeyrin"
    ]
  },
  {
    "value": "FOSA",
    "synonyms": [
      "FOSA",
      "Fossard"
    ]
  },
  {
    "value": "FOUR",
    "synonyms": [
      "FOUR",
      "Fourches"
    ]
  },
  {
    "value": "FRAN",
    "synonyms": [
      "FRAN",
      "Franchises"
    ]
  },
  {
    "value": "FRDI",
    "synonyms": [
      "FRDI",
      "Fraidieu"
    ]
  },
  {
    "value": "FRET",
    "synonyms": [
      "FRET",
      "Fret"
    ]
  },
  {
    "value": "FRON",
    "synonyms": [
      "FRON",
      "Frontenex"
    ]
  },
  {
    "value": "FRRE",
    "synonyms": [
      "FRRE",
      "Bois-des-Frères",
      "bois des frères"
    ]
  },
  {
    "value": "FTAI",
    "synonyms": [
      "FTAI",
      "Foretaille"
    ]
  },
  {
    "value": "FTNE",
    "synonyms": [
      "FTNE",
      "Les Fontaines"
    ]
  },
  {
    "value": "FVDO",
    "synonyms": [
      "FVDO",
      "Ferney-V.-Douane"
    ]
  },
  {
    "value": "GAEV",
    "synonyms": [
      "GAEV",
      "Gare des Eaux-Vives",
      "eaux vives",
      "eaux-vives"
    ]
  },
  {
    "value": "GAIN",
    "synonyms": [
      "GAIN",
      "Gaillardin"
    ]
  },
  {
    "value": "GAIU",
    "synonyms": [
      "GAIU",
      "La Gabiule"
    ]
  },
  {
    "value": "GAUL",
    "synonyms": [
      "GAUL",
      "Gen. De Gaulle",
      "de gaulle"
    ]
  },
  {
    "value": "GAUT",
    "synonyms": [
      "GAUT",
      "Gautier"
    ]
  },
  {
    "value": "GAVA",
    "synonyms": [
      "GAVA",
      "Gavard"
    ]
  },
  {
    "value": "GCAN",
    "synonyms": [
      "GCAN",
      "Grange-Canal",
      "grange canal"
    ]
  },
  {
    "value": "GCHN",
    "synonyms": [
      "GCHN",
      "Gros-Chêne",
      "gros chêne"
    ]
  },
  {
    "value": "GCLB",
    "synonyms": [
      "GCLB",
      "Grange-Collomb",
      "grange collomb"
    ]
  },
  {
    "value": "GCMP",
    "synonyms": [
      "GCMP",
      "Grand-Champ"
    ]
  },
  {
    "value": "GDHA",
    "synonyms": [
      "GDHA",
      "Grand-Hangar"
    ]
  },
  {
    "value": "GDLA",
    "synonyms": [
      "GDLA",
      "Grand-Lancy",
      "Grand lancy"
    ]
  },
  {
    "value": "GDON",
    "synonyms": [
      "GDON",
      "Grand-Donzel",
      "grand donzel"
    ]
  },
  {
    "value": "GEBE",
    "synonyms": [
      "GEBE",
      "Genthod-Bellevue",
      "genthod bellevue"
    ]
  },
  {
    "value": "GETE",
    "synonyms": [
      "GETE",
      "De-Ternier",
      "de ternier"
    ]
  },
  {
    "value": "GFAQ",
    "synonyms": [
      "GFAQ",
      "Grange-Falquet",
      "Grange falquet"
    ]
  },
  {
    "value": "GGNY",
    "synonyms": [
      "GGNY",
      "Germagny"
    ]
  },
  {
    "value": "GIAC",
    "synonyms": [
      "GIAC",
      "Giacometti"
    ]
  },
  {
    "value": "GIOL",
    "synonyms": [
      "GIOL",
      "Gardiol"
    ]
  },
  {
    "value": "GLAI",
    "synonyms": [
      "GLAI",
      "Galaise"
    ]
  },
  {
    "value": "GLOU",
    "synonyms": [
      "GLOU",
      "Galeries du Loup"
    ]
  },
  {
    "value": "GMAR",
    "synonyms": [
      "GMAR",
      "Gaillard-Marché"
    ]
  },
  {
    "value": "GOS0",
    "synonyms": [
      "GOS0",
      "Gos"
    ]
  },
  {
    "value": "GOUL",
    "synonyms": [
      "GOUL",
      "Goulart"
    ]
  },
  {
    "value": "GPRE",
    "synonyms": [
      "GPRE",
      "Grand-Pré",
      "grand pré"
    ]
  },
  {
    "value": "GRAN",
    "synonyms": [
      "GRAN",
      "Grangettes"
    ]
  },
  {
    "value": "GRCA",
    "synonyms": [
      "GRCA",
      "Grand-Cara"
    ]
  },
  {
    "value": "GRDL",
    "synonyms": [
      "GRDL",
      "Gradelle"
    ]
  },
  {
    "value": "GRES",
    "synonyms": [
      "GRES",
      "Grésy"
    ]
  },
  {
    "value": "GROT",
    "synonyms": [
      "GROT",
      "Grottes"
    ]
  },
  {
    "value": "GRVI",
    "synonyms": [
      "GRVI",
      "Meyrin-Gravière"
    ]
  },
  {
    "value": "GSAC",
    "synonyms": [
      "GSAC",
      "Gd-Saconnex-Place",
      "grand saconnex place"
    ]
  },
  {
    "value": "GSDN",
    "synonyms": [
      "GSDN",
      "Gd-Saconnex-Douane",
      "grand saconnex douane"
    ]
  },
  {
    "value": "GSMA",
    "synonyms": [
      "GSMA",
      "Gd-Saconnex-Mairie",
      "Grand saconnex"
    ]
  },
  {
    "value": "GSON",
    "synonyms": [
      "GSON",
      "Graveson"
    ]
  },
  {
    "value": "GTVI",
    "synonyms": [
      "GTVI",
      "Genthod-Village",
      "Genthod"
    ]
  },
  {
    "value": "GUYE",
    "synonyms": [
      "GUYE",
      "Guye"
    ]
  },
  {
    "value": "GVRI",
    "synonyms": [
      "GVRI",
      "Genévrière"
    ]
  },
  {
    "value": "GXAI",
    "synonyms": [
      "GXAI",
      "Gex-Aiglette"
    ]
  },
  {
    "value": "GXGC",
    "synonyms": [
      "GXGC",
      "Gex-Georges Charpak"
    ]
  },
  {
    "value": "GXPO",
    "synonyms": [
      "GXPO",
      "Gex-Poste"
    ]
  },
  {
    "value": "GYBA",
    "synonyms": [
      "GYBA",
      "Baraque-à-Cloud"
    ]
  },
  {
    "value": "GYPO",
    "synonyms": [
      "GYPO",
      "Gy-Poste",
      "Gy"
    ]
  },
  {
    "value": "GYTE",
    "synonyms": [
      "GYTE",
      "Gy-Temple"
    ]
  },
  {
    "value": "HACH",
    "synonyms": [
      "HACH",
      "Hameau de Chèvres"
    ]
  },
  {
    "value": "HAMA",
    "synonyms": [
      "HAMA",
      "Hauts-de-Magny"
    ]
  },
  {
    "value": "HBOD",
    "synonyms": [
      "HBOD",
      "Henry Bordeaux"
    ]
  },
  {
    "value": "HBOR",
    "synonyms": [
      "HBOR",
      "Henri-Bordier"
    ]
  },
  {
    "value": "HERM",
    "synonyms": [
      "HERM",
      "Hermance-Village",
      "Hermance"
    ]
  },
  {
    "value": "HIMP",
    "synonyms": [
      "HIMP",
      "Hôtel des Impôts",
      "Impots",
      "impôts"
    ]
  },
  {
    "value": "HOPI",
    "synonyms": [
      "HOPI",
      "Hôpital",
      "hopital"
    ]
  },
  {
    "value": "HTAI",
    "synonyms": [
      "HTAI",
      "Hautains"
    ]
  },
  {
    "value": "HTCH",
    "synonyms": [
      "HTCH",
      "Hôpital Trois-Chêne",
      "hopital trois chêne",
      "hopital trois-chêne"
    ]
  },
  {
    "value": "HTIN",
    "synonyms": [
      "HTIN",
      "Hutins"
    ]
  },
  {
    "value": "HTOU",
    "synonyms": [
      "HTOU",
      "Hôpital de La Tour",
      "hopital de la tour",
      "la tour"
    ]
  },
  {
    "value": "HVIL",
    "synonyms": [
      "HVIL",
      "Hôtel-de-Ville",
      "hotel de ville"
    ]
  },
  {
    "value": "ICC0",
    "synonyms": [
      "ICC0",
      "ICC"
    ]
  },
  {
    "value": "IFRA",
    "synonyms": [
      "IFRA",
      "Ile de France"
    ]
  },
  {
    "value": "INDE",
    "synonyms": [
      "INDE",
      "Coq-d\u0027Inde"
    ]
  },
  {
    "value": "INDT",
    "synonyms": [
      "INDT",
      "Industrielle"
    ]
  },
  {
    "value": "INTR",
    "synonyms": [
      "INTR",
      "Intercontinental"
    ]
  },
  {
    "value": "ISAM",
    "synonyms": [
      "ISAM",
      "Mercier"
    ]
  },
  {
    "value": "JADA",
    "synonyms": [
      "JADA",
      "Musée art histoire"
    ]
  },
  {
    "value": "JAGI",
    "synonyms": [
      "JAGI",
      "Jargilières"
    ]
  },
  {
    "value": "JALP",
    "synonyms": [
      "JALP",
      "Jardin-Alpin-Vi.",
      "Jardin-Alpin Vivarium",
      "jardin alpin vivarium",
      "vivarium"
    ]
  },
  {
    "value": "JARB",
    "synonyms": [
      "JARB",
      "Jardin Botanique"
    ]
  },
  {
    "value": "JBRT",
    "synonyms": [
      "JBRT",
      "Berthet"
    ]
  },
  {
    "value": "JJAC",
    "synonyms": [
      "JJAC",
      "Jean-Jacques"
    ]
  },
  {
    "value": "JLIM",
    "synonyms": [
      "JLIM",
      "Joli-Mont"
    ]
  },
  {
    "value": "JMEL",
    "synonyms": [
      "JMEL",
      "Jumelles"
    ]
  },
  {
    "value": "JMON",
    "synonyms": [
      "JMON",
      "Jean Monnet"
    ]
  },
  {
    "value": "JMOU",
    "synonyms": [
      "JMOU",
      "Jean Moulin"
    ]
  },
  {
    "value": "JOCT",
    "synonyms": [
      "JOCT",
      "Jonction"
    ]
  },
  {
    "value": "JPSA",
    "synonyms": [
      "JPSA",
      "De-Sauvage"
    ]
  },
  {
    "value": "JUBE",
    "synonyms": [
      "JUBE",
      "Jussy-Bellebouche"
    ]
  },
  {
    "value": "JUCH",
    "synonyms": [
      "JUCH",
      "Jussy-Château"
    ]
  },
  {
    "value": "JUMR",
    "synonyms": [
      "JUMR",
      "Jussy-Meurets"
    ]
  },
  {
    "value": "JUPL",
    "synonyms": [
      "JUPL",
      "Jussy-Place",
      "jussy"
    ]
  },
  {
    "value": "JURE",
    "synonyms": [
      "JURE",
      "Jurets"
    ]
  },
  {
    "value": "JVIL",
    "synonyms": [
      "JVIL",
      "De-Joinville",
      "joinville"
    ]
  },
  {
    "value": "JVUY",
    "synonyms": [
      "JVUY",
      "Vüy"
    ]
  },
  {
    "value": "KRIG",
    "synonyms": [
      "KRIG",
      "Krieg"
    ]
  },
  {
    "value": "LABL",
    "synonyms": [
      "LABL",
      "La Blanche"
    ]
  },
  {
    "value": "LACH",
    "synonyms": [
      "LACH",
      "La Chêna"
    ]
  },
  {
    "value": "LACO",
    "synonyms": [
      "LACO",
      "Laconnex"
    ]
  },
  {
    "value": "LADA",
    "synonyms": [
      "LADA",
      "La Dame"
    ]
  },
  {
    "value": "LADO",
    "synonyms": [
      "LADO",
      "La Donzelle"
    ]
  },
  {
    "value": "LAFA",
    "synonyms": [
      "LAFA",
      "Parc La Fantasia"
    ]
  },
  {
    "value": "LAMA",
    "synonyms": [
      "LAMA",
      "Lancy-Mairie",
      "Lancy mairie",
      "lancy"
    ]
  },
  {
    "value": "LAPR",
    "synonyms": [
      "LAPR",
      "Lancy-Pont-Rouge",
      "lancy pont-rouge",
      "lancy pont rouge",
      "pont-rouge"
    ]
  },
  {
    "value": "LAUB",
    "synonyms": [
      "LAUB",
      "Aubert"
    ]
  },
  {
    "value": "LAVE",
    "synonyms": [
      "LAVE",
      "L\u0027Avenir"
    ]
  },
  {
    "value": "LBRU",
    "synonyms": [
      "LBRU",
      "Les Bruyères"
    ]
  },
  {
    "value": "LBUR",
    "synonyms": [
      "LBUR",
      "Burgy"
    ]
  },
  {
    "value": "LCRE",
    "synonyms": [
      "LCRE",
      "Les Crêts"
    ]
  },
  {
    "value": "LCTE",
    "synonyms": [
      "LCTE",
      "La Côte"
    ]
  },
  {
    "value": "LEOF",
    "synonyms": [
      "LEOF",
      "Léo Ferré"
    ]
  },
  {
    "value": "LERO",
    "synonyms": [
      "LERO",
      "Le Rolliet"
    ]
  },
  {
    "value": "LFOR",
    "synonyms": [
      "LFOR",
      "Le-Fort",
      "le fort"
    ]
  },
  {
    "value": "LFRG",
    "synonyms": [
      "LFRG",
      "La Forge"
    ]
  },
  {
    "value": "LGLI",
    "synonyms": [
      "LGLI",
      "Lycée des Glières",
      "les glières"
    ]
  },
  {
    "value": "LHCY",
    "synonyms": [
      "LHCY",
      "Hauts-Cessy"
    ]
  },
  {
    "value": "LIBE",
    "synonyms": [
      "LIBE",
      "Libellules"
    ]
  },
  {
    "value": "LMLD",
    "synonyms": [
      "LMLD",
      "Les Maladières"
    ]
  },
  {
    "value": "LOCH",
    "synonyms": [
      "LOCH",
      "En Louche"
    ]
  },
  {
    "value": "LOEX",
    "synonyms": [
      "LOEX",
      "Loëx-Hôpital"
    ]
  },
  {
    "value": "LOLA",
    "synonyms": [
      "LOLA",
      "Loëx-Lanance"
    ]
  },
  {
    "value": "LOMB",
    "synonyms": [
      "LOMB",
      "Lombard"
    ]
  },
  {
    "value": "LOSI",
    "synonyms": [
      "LOSI",
      "Louis Simon"
    ]
  },
  {
    "value": "LOUR",
    "synonyms": [
      "LOUR",
      "La Loure"
    ]
  },
  {
    "value": "LOVR",
    "synonyms": [
      "LOVR",
      "Loveré"
    ]
  },
  {
    "value": "LQUI",
    "synonyms": [
      "LQUI",
      "Les Quibières"
    ]
  },
  {
    "value": "LRON",
    "synonyms": [
      "LRON",
      "Livron"
    ]
  },
  {
    "value": "LTOU",
    "synonyms": [
      "LTOU",
      "La Tour"
    ]
  },
  {
    "value": "LUGE",
    "synonyms": [
      "LUGE",
      "Lully-Village"
    ]
  },
  {
    "value": "LULY",
    "synonyms": [
      "LULY",
      "Lully",
      "Lully-Croisée",
      "Lully Croisée"
    ]
  },
  {
    "value": "LVAL",
    "synonyms": [
      "LVAL",
      "Valencien"
    ]
  },
  {
    "value": "LYIN",
    "synonyms": [
      "LYIN",
      "Lycée Internat.",
      "lycée international"
    ]
  },
  {
    "value": "LYON",
    "synonyms": [
      "LYON",
      "Lyon"
    ]
  },
  {
    "value": "MACH",
    "synonyms": [
      "MACH",
      "Machéry"
    ]
  },
  {
    "value": "MACN",
    "synonyms": [
      "MACN",
      "Malval-Centre Nature"
    ]
  },
  {
    "value": "MACP",
    "synonyms": [
      "MACP",
      "Malval-Chapelle"
    ]
  },
  {
    "value": "MAGE",
    "synonyms": [
      "MAGE",
      "Maison-Rouge"
    ]
  },
  {
    "value": "MAHA",
    "synonyms": [
      "MAHA",
      "Malval-Hameau",
      "malval"
    ]
  },
  {
    "value": "MAIL",
    "synonyms": [
      "MAIL",
      "Maillard"
    ]
  },
  {
    "value": "MAIX",
    "synonyms": [
      "MAIX",
      "Maisonnex"
    ]
  },
  {
    "value": "MALA",
    "synonyms": [
      "MALA",
      "Malagnou"
    ]
  },
  {
    "value": "MANC",
    "synonyms": [
      "MANC",
      "Mancy"
    ]
  },
  {
    "value": "MANU",
    "synonyms": [
      "MANU",
      "Manufactures"
    ]
  },
  {
    "value": "MAON",
    "synonyms": [
      "MAON",
      "Maison Onésienne"
    ]
  },
  {
    "value": "MAPA",
    "synonyms": [
      "MAPA",
      "Maison de la Paix"
    ]
  },
  {
    "value": "MARB",
    "synonyms": [
      "MARB",
      "Les Marbriers"
    ]
  },
  {
    "value": "MARG",
    "synonyms": [
      "MARG",
      "Marguerite"
    ]
  },
  {
    "value": "MASS",
    "synonyms": [
      "MASS",
      "Massettes"
    ]
  },
  {
    "value": "MATE",
    "synonyms": [
      "MATE",
      "Maternité-Pédiatrie",
      "maternité",
      "maternite"
    ]
  },
  {
    "value": "MATG",
    "synonyms": [
      "MATG",
      "Mategnin"
    ]
  },
  {
    "value": "MATH",
    "synonyms": [
      "MATH",
      "Thônex-Mairie",
      "thônex"
    ]
  },
  {
    "value": "MAZE",
    "synonyms": [
      "MAZE",
      "Mazettes"
    ]
  },
  {
    "value": "MCHY",
    "synonyms": [
      "MCHY",
      "Machilly"
    ]
  },
  {
    "value": "MCON",
    "synonyms": [
      "MCON",
      "Maconnex"
    ]
  },
  {
    "value": "MDRZ",
    "synonyms": [
      "MDRZ",
      "Moulins-de-Drize"
    ]
  },
  {
    "value": "MEAU",
    "synonyms": [
      "MEAU",
      "Maison de l\u0027Eau"
    ]
  },
  {
    "value": "MEES",
    "synonyms": [
      "MEES",
      "Meinier-Essert",
      "meinier essert"
    ]
  },
  {
    "value": "MEGL",
    "synonyms": [
      "MEGL",
      "Meinier-Eglise",
      "meinier eglise"
    ]
  },
  {
    "value": "MEMA",
    "synonyms": [
      "MEMA",
      "Meyrin-Mairie"
    ]
  },
  {
    "value": "MEPR",
    "synonyms": [
      "MEPR",
      "Meinier-Pralys"
    ]
  },
  {
    "value": "MERV",
    "synonyms": [
      "MERV",
      "Mervelet"
    ]
  },
  {
    "value": "METR",
    "synonyms": [
      "METR",
      "Métropole"
    ]
  },
  {
    "value": "MGLA",
    "synonyms": [
      "MGLA",
      "Morglas"
    ]
  },
  {
    "value": "MGNE",
    "synonyms": [
      "MGNE",
      "Montagne"
    ]
  },
  {
    "value": "MGRE",
    "synonyms": [
      "MGRE",
      "Montalègre"
    ]
  },
  {
    "value": "MIDE",
    "synonyms": [
      "MIDE",
      "Mon-Idée"
    ]
  },
  {
    "value": "MILE",
    "synonyms": [
      "MILE",
      "Miléant"
    ]
  },
  {
    "value": "MIRE",
    "synonyms": [
      "MIRE",
      "Miremont"
    ]
  },
  {
    "value": "MISE",
    "synonyms": [
      "MISE",
      "Michel-Servet"
    ]
  },
  {
    "value": "MLBA",
    "synonyms": [
      "MLBA",
      "Moillebeau"
    ]
  },
  {
    "value": "MLER",
    "synonyms": [
      "MLER",
      "Milière"
    ]
  },
  {
    "value": "MLGN",
    "synonyms": [
      "MLGN",
      "Malagny"
    ]
  },
  {
    "value": "MLIN",
    "synonyms": [
      "MLIN",
      "Le Moulin"
    ]
  },
  {
    "value": "MLPT",
    "synonyms": [
      "MLPT",
      "Malpertuis"
    ]
  },
  {
    "value": "MLRD",
    "synonyms": [
      "MLRD",
      "Molard"
    ]
  },
  {
    "value": "MLVT",
    "synonyms": [
      "MLVT",
      "Malivert"
    ]
  },
  {
    "value": "MNEU",
    "synonyms": [
      "MNEU",
      "Maisons-Neuves",
      "maisons neuves",
      "maison neuve"
    ]
  },
  {
    "value": "MOIL",
    "synonyms": [
      "MOIL",
      "Moillesulaz"
    ]
  },
  {
    "value": "MOLE",
    "synonyms": [
      "MOLE",
      "Môle"
    ]
  },
  {
    "value": "MOLL",
    "synonyms": [
      "MOLL",
      "Mollaz"
    ]
  },
  {
    "value": "MONB",
    "synonyms": [
      "MONB",
      "Mont-rond"
    ]
  },
  {
    "value": "MONE",
    "synonyms": [
      "MONE",
      "Lycée J.Monnet",
      "lycée jean monnet"
    ]
  },
  {
    "value": "MONN",
    "synonyms": [
      "MONN",
      "Monniaz-Hameau",
      "monniaz"
    ]
  },
  {
    "value": "MONT",
    "synonyms": [
      "MONT",
      "Parc Montessuit"
    ]
  },
  {
    "value": "MORA",
    "synonyms": [
      "MORA",
      "Moulin-de-la-Ratte"
    ]
  },
  {
    "value": "MORL",
    "synonyms": [
      "MORL",
      "Crêts-de-Morillon"
    ]
  },
  {
    "value": "MOTU",
    "synonyms": [
      "MOTU",
      "Monthoux"
    ]
  },
  {
    "value": "MOUI",
    "synonyms": [
      "MOUI",
      "La Mouille"
    ]
  },
  {
    "value": "MOVE",
    "synonyms": [
      "MOVE",
      "Moulin-de-la-Grave"
    ]
  },
  {
    "value": "MPAR",
    "synonyms": [
      "MPAR",
      "Maison Parlements"
    ]
  },
  {
    "value": "MRES",
    "synonyms": [
      "MRES",
      "Moulières"
    ]
  },
  {
    "value": "MRIC",
    "synonyms": [
      "MRIC",
      "Moulin Richelien"
    ]
  },
  {
    "value": "MRLG",
    "synonyms": [
      "MRLG",
      "Merlinge"
    ]
  },
  {
    "value": "MRNE",
    "synonyms": [
      "MRNE",
      "Moraines"
    ]
  },
  {
    "value": "MSIL",
    "synonyms": [
      "MSIL",
      "Marsillon"
    ]
  },
  {
    "value": "MSNT",
    "synonyms": [
      "MSNT",
      "Maisonnette"
    ]
  },
  {
    "value": "MSQU",
    "synonyms": [
      "MSQU",
      "Montesquiou"
    ]
  },
  {
    "value": "MSSE",
    "synonyms": [
      "MSSE",
      "La Mousse"
    ]
  },
  {
    "value": "MTBL",
    "synonyms": [
      "MTBL",
      "Mont-Blanc"
    ]
  },
  {
    "value": "MTCH",
    "synonyms": [
      "MTCH",
      "Montchoisy"
    ]
  },
  {
    "value": "MTER",
    "synonyms": [
      "MTER",
      "Maison du Terroir"
    ]
  },
  {
    "value": "MTFL",
    "synonyms": [
      "MTFL",
      "Montfleury"
    ]
  },
  {
    "value": "MTOU",
    "synonyms": [
      "MTOU",
      "Meinier-Tour"
    ]
  },
  {
    "value": "MTTA",
    "synonyms": [
      "MTTA",
      "Motta"
    ]
  },
  {
    "value": "MUET",
    "synonyms": [
      "MUET",
      "Musée d\u0027ethnographie",
      "musée ethno"
    ]
  },
  {
    "value": "MUGE",
    "synonyms": [
      "MUGE",
      "Muguets"
    ]
  },
  {
    "value": "MURA",
    "synonyms": [
      "MURA",
      "Murailles"
    ]
  },
  {
    "value": "MUSE",
    "synonyms": [
      "MUSE",
      "Muséum"
    ]
  },
  {
    "value": "MUVO",
    "synonyms": [
      "MUVO",
      "Musée Voltaire"
    ]
  },
  {
    "value": "MVER",
    "synonyms": [
      "MVER",
      "Moulin-de-Vert"
    ]
  },
  {
    "value": "MYRN",
    "synonyms": [
      "MYRN",
      "Meyrin-Village",
      "meyrin",
      "meyrin village"
    ]
  },
  {
    "value": "NAIS",
    "synonyms": [
      "NAIS",
      "Nant-d\u0027Aisy"
    ]
  },
  {
    "value": "NAMA",
    "synonyms": [
      "NAMA",
      "Nant-Malet"
    ]
  },
  {
    "value": "NANT",
    "synonyms": [
      "NANT",
      "Le Nant"
    ]
  },
  {
    "value": "NATI",
    "synonyms": [
      "NATI",
      "Nations"
    ]
  },
  {
    "value": "NAVI",
    "synonyms": [
      "NAVI",
      "Navigation"
    ]
  },
  {
    "value": "NYLM",
    "synonyms": [
      "NYLM",
      "Neydens-Les Mouilles",
      "Neydens",
      "les mouilles"
    ]
  },
  {
    "value": "OBGE",
    "synonyms": [
      "OBGE",
      "Observatoire Genève",
      "observatoire"
    ]
  },
  {
    "value": "OCHT",
    "synonyms": [
      "OCHT",
      "L\u0027Ouchette"
    ]
  },
  {
    "value": "OMS0",
    "synonyms": [
      "OMS0",
      "Oms"
    ]
  },
  {
    "value": "OMS9",
    "synonyms": [
      "OMS9",
      "OMS"
    ]
  },
  {
    "value": "ONCI",
    "synonyms": [
      "ONCI",
      "Onex-Cité",
      "onex"
    ]
  },
  {
    "value": "ONEX",
    "synonyms": [
      "ONEX",
      "Onex-Salle communale",
      "onex salle communale"
    ]
  },
  {
    "value": "ONMA",
    "synonyms": [
      "ONMA",
      "Onex-Marché",
      "onex marché"
    ]
  },
  {
    "value": "ORMA",
    "synonyms": [
      "ORMA",
      "Ormeaux"
    ]
  },
  {
    "value": "ORRO",
    "synonyms": [
      "ORRO",
      "Ornex-Les Roussets"
    ]
  },
  {
    "value": "OUCH",
    "synonyms": [
      "OUCH",
      "Les Ouches"
    ]
  },
  {
    "value": "OULA",
    "synonyms": [
      "OULA",
      "Les Oulaines"
    ]
  },
  {
    "value": "OXFR",
    "synonyms": [
      "OXFR",
      "Ornex-Fruitière"
    ]
  },
  {
    "value": "PAAN",
    "synonyms": [
      "PAAN",
      "Parc des Anneaux"
    ]
  },
  {
    "value": "PAGN",
    "synonyms": [
      "PAGN",
      "Place d\u0027Allemogne"
    ]
  },
  {
    "value": "PAIL",
    "synonyms": [
      "PAIL",
      "Pailly Balexert",
      "Balexert-Pailly",
      "Balexert Pailly"
    ]
  },
  {
    "value": "PALE",
    "synonyms": [
      "PALE",
      "Palettes",
      "Palette"
    ]
  },
  {
    "value": "PALL",
    "synonyms": [
      "PALL",
      "Dr Palluel"
    ]
  },
  {
    "value": "PARC",
    "synonyms": [
      "PARC",
      "Parcs"
    ]
  },
  {
    "value": "PASS",
    "synonyms": [
      "PASS",
      "La Passe"
    ]
  },
  {
    "value": "PBAL",
    "synonyms": [
      "PBAL",
      "Petit-Bel-Air",
      "petit bel air",
      "petit bel-air",
      "petit belair"
    ]
  },
  {
    "value": "PBOC",
    "synonyms": [
      "PBOC",
      "Pont-Bochet"
    ]
  },
  {
    "value": "PBOU",
    "synonyms": [
      "PBOU",
      "Pré-Bouvier"
    ]
  },
  {
    "value": "PBRU",
    "synonyms": [
      "PBRU",
      "Planche-Brûlée"
    ]
  },
  {
    "value": "PCEA",
    "synonyms": [
      "PCEA",
      "Pont-Céard",
      "pont céard",
      "pont ceard",
      "pont-céard gare",
      "gare pont-céard",
      "pont céard gare"
    ]
  },
  {
    "value": "PCHA",
    "synonyms": [
      "PCHA",
      "Plateau de Champel"
    ]
  },
  {
    "value": "PDRI",
    "synonyms": [
      "PDRI",
      "Pont-de-Drize",
      "pont de drize"
    ]
  },
  {
    "value": "PEDO",
    "synonyms": [
      "PEDO",
      "Perly-Douane",
      "perly douane"
    ]
  },
  {
    "value": "PEIL",
    "synonyms": [
      "PEIL",
      "Peillonnex"
    ]
  },
  {
    "value": "PEMA",
    "synonyms": [
      "PEMA",
      "Perly-Mairie",
      "perly mairie"
    ]
  },
  {
    "value": "PENT",
    "synonyms": [
      "PENT",
      "Penthes"
    ]
  },
  {
    "value": "PEPA",
    "synonyms": [
      "PEPA",
      "Petit-Palais"
    ]
  },
  {
    "value": "PESC",
    "synonyms": [
      "PESC",
      "Peschier"
    ]
  },
  {
    "value": "PETR",
    "synonyms": [
      "PETR",
      "Petray"
    ]
  },
  {
    "value": "PEUP",
    "synonyms": [
      "PEUP",
      "Peupliers"
    ]
  },
  {
    "value": "PEVI",
    "synonyms": [
      "PEVI",
      "Perly-Village",
      "perly",
      "perly village"
    ]
  },
  {
    "value": "PFLE",
    "synonyms": [
      "PFLE",
      "Pré-Fleuri"
    ]
  },
  {
    "value": "PFON",
    "synonyms": [
      "PFON",
      "Pré-de-la-Fontaine"
    ]
  },
  {
    "value": "PFUM",
    "synonyms": [
      "PFUM",
      "Parfumerie",
      "Vernier-Parfumerie",
      "Vernier parfumerie"
    ]
  },
  {
    "value": "PGRA",
    "synonyms": [
      "PGRA",
      "Petite-Grave"
    ]
  },
  {
    "value": "PHIL",
    "synonyms": [
      "PHIL",
      "Philosophes"
    ]
  },
  {
    "value": "PIBO",
    "synonyms": [
      "PIBO",
      "Pierre à Bochet"
    ]
  },
  {
    "value": "PICY",
    "synonyms": [
      "PICY",
      "Piscine de Lancy",
      "picine lancy"
    ]
  },
  {
    "value": "PINC",
    "synonyms": [
      "PINC",
      "Pinchat-la-Tour"
    ]
  },
  {
    "value": "PITH",
    "synonyms": [
      "PITH",
      "Pictet-Thellus",
      "pictet",
      "pictet thellusson",
      "pictet-thelusson"
    ]
  },
  {
    "value": "PJAR",
    "synonyms": [
      "PJAR",
      "Pré-Jardinier"
    ]
  },
  {
    "value": "PLAI",
    "synonyms": [
      "PLAI",
      "La Plaine-Gare",
      "gare de la plaine"
    ]
  },
  {
    "value": "PLDI",
    "synonyms": [
      "PLDI",
      "Palladium"
    ]
  },
  {
    "value": "PLDO",
    "synonyms": [
      "PLDO",
      "La Plaine-Douane",
      "douane de la plaine"
    ]
  },
  {
    "value": "PLEC",
    "synonyms": [
      "PLEC",
      "La Plaine-Ecole",
      "la plaine école"
    ]
  },
  {
    "value": "PLEV",
    "synonyms": [
      "PLEV",
      "Place des Eaux-Vives"
    ]
  },
  {
    "value": "PLEY",
    "synonyms": [
      "PLEY",
      "Palais Eynard"
    ]
  },
  {
    "value": "PLGE",
    "synonyms": [
      "PLGE",
      "Genève-Plage",
      "genève plage"
    ]
  },
  {
    "value": "PLIO",
    "synonyms": [
      "PLIO",
      "Lion"
    ]
  },
  {
    "value": "PLLT",
    "synonyms": [
      "PLLT",
      "Pallanterie"
    ]
  },
  {
    "value": "PLMA",
    "synonyms": [
      "PLMA",
      "Place des Marchés"
    ]
  },
  {
    "value": "PLNT",
    "synonyms": [
      "PLNT",
      "Planet"
    ]
  },
  {
    "value": "PLOU",
    "synonyms": [
      "PLOU",
      "Plan-les-Ouates",
      "plan les ouates",
      "plo"
    ]
  },
  {
    "value": "PLPA",
    "synonyms": [
      "PLPA",
      "Plainpalais"
    ]
  },
  {
    "value": "PLTA",
    "synonyms": [
      "PLTA",
      "Planta"
    ]
  },
  {
    "value": "PLTZ",
    "synonyms": [
      "PLTZ",
      "La Plantaz"
    ]
  },
  {
    "value": "PLUL",
    "synonyms": [
      "PLUL",
      "Pont-de-Lully",
      "pont de lully"
    ]
  },
  {
    "value": "PMAR",
    "synonyms": [
      "PMAR",
      "Puplinge-Marquis",
      "puplinge marquis"
    ]
  },
  {
    "value": "PMIO",
    "synonyms": [
      "PMIO",
      "Petit-Miolan"
    ]
  },
  {
    "value": "PMOR",
    "synonyms": [
      "PMOR",
      "Place A. Moret"
    ]
  },
  {
    "value": "PNEV",
    "synonyms": [
      "PNEV",
      "Place de Neuve",
      "place neuve"
    ]
  },
  {
    "value": "POAT",
    "synonyms": [
      "POAT",
      "Poizat"
    ]
  },
  {
    "value": "POCH",
    "synonyms": [
      "POCH",
      "Port Choiseul"
    ]
  },
  {
    "value": "POGA",
    "synonyms": [
      "POGA",
      "Pougny-Gare",
      "pougny gare"
    ]
  },
  {
    "value": "POLT",
    "synonyms": [
      "POLT",
      "Place en Poulet"
    ]
  },
  {
    "value": "POMI",
    "synonyms": [
      "POMI",
      "Le Pommier"
    ]
  },
  {
    "value": "PONT",
    "synonyms": [
      "PONT",
      "Pontets",
      "pontet"
    ]
  },
  {
    "value": "POST",
    "synonyms": [
      "POST",
      "Poste"
    ]
  },
  {
    "value": "POTE",
    "synonyms": [
      "POTE",
      "Poterie"
    ]
  },
  {
    "value": "POTI",
    "synonyms": [
      "POTI",
      "Pottiere"
    ]
  },
  {
    "value": "POUS",
    "synonyms": [
      "POUS",
      "Peney-Dessous"
    ]
  },
  {
    "value": "PPAL",
    "synonyms": [
      "PPAL",
      "Prés-Palais"
    ]
  },
  {
    "value": "PPIN",
    "synonyms": [
      "PPIN",
      "Plateau de Pinchat",
      "pinchat"
    ]
  },
  {
    "value": "PPLA",
    "synonyms": [
      "PPLA",
      "Prénépla"
    ]
  },
  {
    "value": "PPOL",
    "synonyms": [
      "PPOL",
      "Pré-Polly"
    ]
  },
  {
    "value": "PR47",
    "synonyms": [
      "PR47",
      "P+R P47"
    ]
  },
  {
    "value": "PRAR",
    "synonyms": [
      "PRAR",
      "Prairie"
    ]
  },
  {
    "value": "PRBE",
    "synonyms": [
      "PRBE",
      "P+R Bernex",
      "pr bernex"
    ]
  },
  {
    "value": "PREL",
    "synonyms": [
      "PREL",
      "La Prêle"
    ]
  },
  {
    "value": "PREV",
    "synonyms": [
      "PREV",
      "Prevessin-Möens"
    ]
  },
  {
    "value": "PRGM",
    "synonyms": [
      "PRGM",
      "Meyrin-Gare"
    ]
  },
  {
    "value": "PRGR",
    "synonyms": [
      "PRGR",
      "Progrès"
    ]
  },
  {
    "value": "PRLA",
    "synonyms": [
      "PRLA",
      "La Pralay"
    ]
  },
  {
    "value": "PRMO",
    "synonyms": [
      "PRMO",
      "Pré-Monnard"
    ]
  },
  {
    "value": "PRPE",
    "synonyms": [
      "PRPE",
      "P+R Perly"
    ]
  },
  {
    "value": "PRRI",
    "synonyms": [
      "PRRI",
      "Prairie"
    ]
  },
  {
    "value": "PRSM",
    "synonyms": [
      "PRSM",
      "P+R Sous-Moulin",
      "pr sous moulin",
      "p+r sous moulin",
      "Sous-moulin",
      "Sous moulin"
    ]
  },
  {
    "value": "PRTN",
    "synonyms": [
      "PRTN",
      "Printanière"
    ]
  },
  {
    "value": "PRUL",
    "synonyms": [
      "PRUL",
      "Prulay"
    ]
  },
  {
    "value": "PRVG",
    "synonyms": [
      "PRVG",
      "Veigy-Douane"
    ]
  },
  {
    "value": "PSAC",
    "synonyms": [
      "PSAC",
      "Petit-Saconnex",
      "petit saconnex"
    ]
  },
  {
    "value": "PSGE",
    "synonyms": [
      "PSGE",
      "Presinge"
    ]
  },
  {
    "value": "PSIE",
    "synonyms": [
      "PSIE",
      "Pont-Sierne"
    ]
  },
  {
    "value": "PSRY",
    "synonyms": [
      "PSRY",
      "Passeiry"
    ]
  },
  {
    "value": "PSSY",
    "synonyms": [
      "PSSY",
      "Peissy"
    ]
  },
  {
    "value": "PSTA",
    "synonyms": [
      "PSTA",
      "Parc Stagni"
    ]
  },
  {
    "value": "PSUD",
    "synonyms": [
      "PSUD",
      "Plein-Sud"
    ]
  },
  {
    "value": "PSUS",
    "synonyms": [
      "PSUS",
      "Peney-Dessus"
    ]
  },
  {
    "value": "PTAR",
    "synonyms": [
      "PTAR",
      "Pont-d\u0027Arve",
      "pont d\u0027arve"
    ]
  },
  {
    "value": "PTLA",
    "synonyms": [
      "PTLA",
      "Petit-Lancy",
      "petit lancy"
    ]
  },
  {
    "value": "PTOU",
    "synonyms": [
      "PTOU",
      "Les Petoux"
    ]
  },
  {
    "value": "PTPE",
    "synonyms": [
      "PTPE",
      "Pont-de-Peney",
      "pont de peney"
    ]
  },
  {
    "value": "PUFR",
    "synonyms": [
      "PUFR",
      "Puplinge-Frémis"
    ]
  },
  {
    "value": "PUMA",
    "synonyms": [
      "PUMA",
      "Puplinge-Mairie",
      "puplinge mairie"
    ]
  },
  {
    "value": "PVEY",
    "synonyms": [
      "PVEY",
      "Petit-Veyrier",
      "petit veyrier"
    ]
  },
  {
    "value": "PVRT",
    "synonyms": [
      "PVRT",
      "Place Verte"
    ]
  },
  {
    "value": "PXPH",
    "synonyms": [
      "PXPH",
      "Palexpo-Halle 7",
      "palexpo halle 7"
    ]
  },
  {
    "value": "PXPO",
    "synonyms": [
      "PXPO",
      "Palexpo"
    ]
  },
  {
    "value": "PYMA",
    "synonyms": [
      "PYMA",
      "Pregny-Mairie",
      "pregny mairie"
    ]
  },
  {
    "value": "PYVI",
    "synonyms": [
      "PYVI",
      "Pregny-Village",
      "pregny"
    ]
  },
  {
    "value": "QARV",
    "synonyms": [
      "QARV",
      "Queue-d\u0027Arve",
      "queue d\u0027arve"
    ]
  },
  {
    "value": "QUID",
    "synonyms": [
      "QUID",
      "Quidort"
    ]
  },
  {
    "value": "QUOA",
    "synonyms": [
      "QUOA",
      "Les Quoattes"
    ]
  },
  {
    "value": "RANN",
    "synonyms": [
      "RANN",
      "Rte d\u0027Annecy",
      "route d\u0027annecy"
    ]
  },
  {
    "value": "RAVI",
    "synonyms": [
      "RAVI",
      "Ravières"
    ]
  },
  {
    "value": "RBAU",
    "synonyms": [
      "RBAU",
      "Rouelbeau"
    ]
  },
  {
    "value": "RCOR",
    "synonyms": [
      "RCOR",
      "Rte de Corsinge",
      "route de corsinge"
    ]
  },
  {
    "value": "RCPS",
    "synonyms": [
      "RCPS",
      "Rte de Compois",
      "route de compois"
    ]
  },
  {
    "value": "RDAY",
    "synonyms": [
      "RDAY",
      "Ch. de Roday",
      "chemin de roday"
    ]
  },
  {
    "value": "REFT",
    "synonyms": [
      "REFT",
      "Le Renfort"
    ]
  },
  {
    "value": "RENF",
    "synonyms": [
      "RENF",
      "Renfile"
    ]
  },
  {
    "value": "REPE",
    "synonyms": [
      "REPE",
      "Repentance"
    ]
  },
  {
    "value": "REPU",
    "synonyms": [
      "REPU",
      "République"
    ]
  },
  {
    "value": "RESI",
    "synonyms": [
      "RESI",
      "Résistance"
    ]
  },
  {
    "value": "REVE",
    "synonyms": [
      "REVE",
      "Reverdin"
    ]
  },
  {
    "value": "RFEI",
    "synonyms": [
      "RFEI",
      "Rte de Feigères",
      "route de feigères",
      "route de feigeres"
    ]
  },
  {
    "value": "RIAN",
    "synonyms": [
      "RIAN",
      "Riant-Parc",
      "riant parc"
    ]
  },
  {
    "value": "RICH",
    "synonyms": [
      "RICH",
      "Richelien"
    ]
  },
  {
    "value": "RIEU",
    "synonyms": [
      "RIEU",
      "Rieu"
    ]
  },
  {
    "value": "RIGO",
    "synonyms": [
      "RIGO",
      "Rigot",
      "Genève-Sécheron-Gare",
      "Sécheron-Gare",
      "Sécheron Gare"
    ]
  },
  {
    "value": "RIPP",
    "synonyms": [
      "RIPP",
      "Rippaz"
    ]
  },
  {
    "value": "RIVE",
    "synonyms": [
      "RIVE",
      "Rive"
    ]
  },
  {
    "value": "RLAC",
    "synonyms": [
      "RLAC",
      "Rue du Lac"
    ]
  },
  {
    "value": "RLUL",
    "synonyms": [
      "RLUL",
      "Rte de Lullier",
      "route de lullier"
    ]
  },
  {
    "value": "RMOU",
    "synonyms": [
      "RMOU",
      "Rue des Mouettes"
    ]
  },
  {
    "value": "RMUG",
    "synonyms": [
      "RMUG",
      "Rue des Muguets"
    ]
  },
  {
    "value": "ROCH",
    "synonyms": [
      "ROCH",
      "Roches"
    ]
  },
  {
    "value": "ROSE",
    "synonyms": [
      "ROSE",
      "Roseraie"
    ]
  },
  {
    "value": "ROUE",
    "synonyms": [
      "ROUE",
      "Rouette"
    ]
  },
  {
    "value": "ROUS",
    "synonyms": [
      "ROUS",
      "Collège Rousseau",
      "collège rousseau"
    ]
  },
  {
    "value": "RPOS",
    "synonyms": [
      "RPOS",
      "Le Reposoir"
    ]
  },
  {
    "value": "RPRS",
    "synonyms": [
      "RPRS",
      "Rte de Presinge",
      "route de presinge"
    ]
  },
  {
    "value": "RSMA",
    "synonyms": [
      "RSMA",
      "Rte de Saint-Maurice",
      "route de saint maurice"
    ]
  },
  {
    "value": "RTTE",
    "synonyms": [
      "RTTE",
      "Rochette"
    ]
  },
  {
    "value": "RUNO",
    "synonyms": [
      "RUNO",
      "Russin-Noirettes"
    ]
  },
  {
    "value": "RUSS",
    "synonyms": [
      "RUSS",
      "Russin-Village",
      "russin"
    ]
  },
  {
    "value": "RUTH",
    "synonyms": [
      "RUTH",
      "Ruth"
    ]
  },
  {
    "value": "RVTT",
    "synonyms": [
      "RVTT",
      "Rivolette"
    ]
  },
  {
    "value": "SACO",
    "synonyms": [
      "SACO",
      "Veyrier-Salle C."
    ]
  },
  {
    "value": "SADN",
    "synonyms": [
      "SADN",
      "Sauverny-Douane"
    ]
  },
  {
    "value": "SAGY",
    "synonyms": [
      "SAGY",
      "Le Saugy"
    ]
  },
  {
    "value": "SAMA",
    "synonyms": [
      "SAMA",
      "Sauverny-Martinet"
    ]
  },
  {
    "value": "SANT",
    "synonyms": [
      "SANT",
      "St-Antoine"
    ]
  },
  {
    "value": "SARV",
    "synonyms": [
      "SARV",
      "Saconnex-d\u0027Arve",
      "saconnex d\u0027arve"
    ]
  },
  {
    "value": "SAUS",
    "synonyms": [
      "SAUS",
      "Saussac"
    ]
  },
  {
    "value": "SCAS",
    "synonyms": [
      "SCAS",
      "Sous-Cassan"
    ]
  },
  {
    "value": "SCEC",
    "synonyms": [
      "SCEC",
      "Sainte-Cécile",
      "sainte cécile"
    ]
  },
  {
    "value": "SCHA",
    "synonyms": [
      "SCHA",
      "Seuchat"
    ]
  },
  {
    "value": "SCLO",
    "synonyms": [
      "SCLO",
      "Sainte-Clotilde",
      "sainte clotilde"
    ]
  },
  {
    "value": "SECH",
    "synonyms": [
      "SECH",
      "Perle du Lac"
    ]
  },
  {
    "value": "SEFE",
    "synonyms": [
      "SEFE",
      "Sézenove-Ferrand"
    ]
  },
  {
    "value": "SELI",
    "synonyms": [
      "SELI",
      "Sellières"
    ]
  },
  {
    "value": "SERV",
    "synonyms": [
      "SERV",
      "Servette"
    ]
  },
  {
    "value": "SEUJ",
    "synonyms": [
      "SEUJ",
      "Seujet"
    ]
  },
  {
    "value": "SEVI",
    "synonyms": [
      "SEVI",
      "Sézenove-Village",
      "sézenove"
    ]
  },
  {
    "value": "SEYM",
    "synonyms": [
      "SEYM",
      "Seymaz"
    ]
  },
  {
    "value": "SEZG",
    "synonyms": [
      "SEZG",
      "Sézegnin"
    ]
  },
  {
    "value": "SGBO",
    "synonyms": [
      "SGBO",
      "Sergy-Bourg",
      "Sergy-Centre",
      "Sergy centre"
    ]
  },
  {
    "value": "SGGA",
    "synonyms": [
      "SGGA",
      "Sergy-Gare"
    ]
  },
  {
    "value": "SGNY",
    "synonyms": [
      "SGNY",
      "Ségny"
    ]
  },
  {
    "value": "SHUM",
    "synonyms": [
      "SHUM",
      "Schuman"
    ]
  },
  {
    "value": "SIER",
    "synonyms": [
      "SIER",
      "Sierne"
    ]
  },
  {
    "value": "SIGL",
    "synonyms": [
      "SIGL",
      "SIG Lignon"
    ]
  },
  {
    "value": "SIGN",
    "synonyms": [
      "SIGN",
      "Signal"
    ]
  },
  {
    "value": "SILO",
    "synonyms": [
      "SILO",
      "Sillons"
    ]
  },
  {
    "value": "SIMO",
    "synonyms": [
      "SIMO",
      "Sismondi",
      "Collège Sismondi"
    ]
  },
  {
    "value": "SION",
    "synonyms": [
      "SION",
      "Sionnet"
    ]
  },
  {
    "value": "SISM",
    "synonyms": [
      "SISM",
      "Léonard-Sismondi"
    ]
  },
  {
    "value": "SJCE",
    "synonyms": [
      "SJCE",
      "St-Julien-Centre",
      "Saint julien centre",
      "saint julien"
    ]
  },
  {
    "value": "SJGA",
    "synonyms": [
      "SJGA",
      "St-Julien-Gare",
      "saint julien gare"
    ]
  },
  {
    "value": "SJHO",
    "synonyms": [
      "SJHO",
      "St-Julien-Hôpital",
      "saint julien hopital"
    ]
  },
  {
    "value": "SJLH",
    "synonyms": [
      "SJLH",
      "Lathoy Hameau"
    ]
  },
  {
    "value": "SJRL",
    "synonyms": [
      "SJRL",
      "Rte de Lathoy",
      "route de lathoy"
    ]
  },
  {
    "value": "SJSN",
    "synonyms": [
      "SJSN",
      "St-Julien SNCF",
      "Saint julien sncf"
    ]
  },
  {
    "value": "SLOU",
    "synonyms": [
      "SLOU",
      "Saut-du-Loup",
      "saut du loup"
    ]
  },
  {
    "value": "SLSI",
    "synonyms": [
      "SLSI",
      "La Salésienne"
    ]
  },
  {
    "value": "SMAU",
    "synonyms": [
      "SMAU",
      "Saint-Maurice",
      "saint maurice"
    ]
  },
  {
    "value": "SOCI",
    "synonyms": [
      "SOCI",
      "Contrat-Social",
      "contrat social"
    ]
  },
  {
    "value": "SOLE",
    "synonyms": [
      "SOLE",
      "Le Soleil"
    ]
  },
  {
    "value": "SORB",
    "synonyms": [
      "SORB",
      "Sorbier"
    ]
  },
  {
    "value": "SRMA",
    "synonyms": [
      "SRMA",
      "Soral-Mairie",
      "soral mairie"
    ]
  },
  {
    "value": "SRVE",
    "synonyms": [
      "SRVE",
      "Serves"
    ]
  },
  {
    "value": "SRVI",
    "synonyms": [
      "SRVI",
      "Soral-Village",
      "soral village",
      "soral"
    ]
  },
  {
    "value": "SSCH",
    "synonyms": [
      "SSCH",
      "Sous-Chevrens"
    ]
  },
  {
    "value": "STAL",
    "synonyms": [
      "STAL",
      "De-Staël"
    ]
  },
  {
    "value": "STGE",
    "synonyms": [
      "STGE",
      "Stade de Genève",
      "stade de la praille",
      "stade"
    ]
  },
  {
    "value": "STLA",
    "synonyms": [
      "STLA",
      "Stand de Laconnex"
    ]
  },
  {
    "value": "STLO",
    "synonyms": [
      "STLO",
      "Saint-Loup"
    ]
  },
  {
    "value": "STND",
    "synonyms": [
      "STND",
      "Stand"
    ]
  },
  {
    "value": "STRC",
    "synonyms": [
      "STRC",
      "Stade Trois-Chêne"
    ]
  },
  {
    "value": "SUMO",
    "synonyms": [
      "SUMO",
      "Sur-le-Moulin"
    ]
  },
  {
    "value": "SUSE",
    "synonyms": [
      "SUSE",
      "Susette"
    ]
  },
  {
    "value": "SVEY",
    "synonyms": [
      "SVEY",
      "Stand-de-Veyrier"
    ]
  },
  {
    "value": "SVIL",
    "synonyms": [
      "SVIL",
      "Sous-Villette"
    ]
  },
  {
    "value": "SVON",
    "synonyms": [
      "SVON",
      "Savonnière"
    ]
  },
  {
    "value": "SYCS",
    "synonyms": [
      "SYCS",
      "Satigny-C. sportif",
      "satigny centre sportif"
    ]
  },
  {
    "value": "SYEG",
    "synonyms": [
      "SYEG",
      "Satigny-Temple",
      "satigny temple"
    ]
  },
  {
    "value": "SYGA",
    "synonyms": [
      "SYGA",
      "Satigny-Gare",
      "satigny gare"
    ]
  },
  {
    "value": "SYMA",
    "synonyms": [
      "SYMA",
      "Satigny-Mairie",
      "satigny mairie"
    ]
  },
  {
    "value": "SYPO",
    "synonyms": [
      "SYPO",
      "Satigny-Poste",
      "satigny poste"
    ]
  },
  {
    "value": "TACO",
    "synonyms": [
      "TACO",
      "Taconnerie"
    ]
  },
  {
    "value": "TCAR",
    "synonyms": [
      "TCAR",
      "Tours-de-Carouge",
      "tours de carouge",
      "Carouge-Tours",
      "Carouge Tours",
      "Tours carouge"
    ]
  },
  {
    "value": "TCRE",
    "synonyms": [
      "TCRE",
      "Tour-Carrée",
      "tour carrée"
    ]
  },
  {
    "value": "TERR",
    "synonyms": [
      "TERR",
      "Terret"
    ]
  },
  {
    "value": "TGIN",
    "synonyms": [
      "TGIN",
      "Tougin-Hôpital",
      "tougin hopital"
    ]
  },
  {
    "value": "THGA",
    "synonyms": [
      "THGA",
      "Thoiry-Gare"
    ]
  },
  {
    "value": "THMA",
    "synonyms": [
      "THMA",
      "Thoiry-Mairie"
    ]
  },
  {
    "value": "THRE",
    "synonyms": [
      "THRE",
      "Théâtre"
    ]
  },
  {
    "value": "TILL",
    "synonyms": [
      "TILL",
      "Les Tilleuls"
    ]
  },
  {
    "value": "TLIG",
    "synonyms": [
      "TLIG",
      "Tours Lignon",
      "Lignon-tours",
      "Lignon tours"
    ]
  },
  {
    "value": "TMOU",
    "synonyms": [
      "TMOU",
      "Terre Mousson"
    ]
  },
  {
    "value": "TOCO",
    "synonyms": [
      "TOCO",
      "Tour-de-Contrôle",
      "tour de controle"
    ]
  },
  {
    "value": "TOU0",
    "synonyms": [
      "TOU0",
      "Tourbillon"
    ]
  },
  {
    "value": "TOUR",
    "synonyms": [
      "TOUR",
      "Tourelle"
    ]
  },
  {
    "value": "TOUV",
    "synonyms": [
      "TOUV",
      "Touvière"
    ]
  },
  {
    "value": "TRAN",
    "synonyms": [
      "TRAN",
      "Tranchées"
    ]
  },
  {
    "value": "TREU",
    "synonyms": [
      "TREU",
      "Treulaz"
    ]
  },
  {
    "value": "TRIZ",
    "synonyms": [
      "TRIZ",
      "Triaz"
    ]
  },
  {
    "value": "TRLL",
    "synonyms": [
      "TRLL",
      "La Traille"
    ]
  },
  {
    "value": "TRMB",
    "synonyms": [
      "TRMB",
      "Trembley"
    ]
  },
  {
    "value": "TRSI",
    "synonyms": [
      "TRSI",
      "Terrassière",
      "terrassiere",
      "terassiere"
    ]
  },
  {
    "value": "TRTI",
    "synonyms": [
      "TRTI",
      "Tunnel Routier"
    ]
  },
  {
    "value": "TUIL",
    "synonyms": [
      "TUIL",
      "La Tuilière"
    ]
  },
  {
    "value": "TURA",
    "synonyms": [
      "TURA",
      "Ch. des Turaines",
      "chemin des turaines"
    ]
  },
  {
    "value": "TVDO",
    "synonyms": [
      "TVDO",
      "Thônex-Vallard"
    ]
  },
  {
    "value": "TVER",
    "synonyms": [
      "TVER",
      "Taverney"
    ]
  },
  {
    "value": "TXMA",
    "synonyms": [
      "TXMA",
      "Troinex-Mairie",
      "troinex mairie"
    ]
  },
  {
    "value": "TXVI",
    "synonyms": [
      "TXVI",
      "Troinex-Ville",
      "troinex ville"
    ]
  },
  {
    "value": "UBER",
    "synonyms": [
      "UBER",
      "Lancy-Hubert",
      "lancy hubert"
    ]
  },
  {
    "value": "UIT0",
    "synonyms": [
      "UIT0",
      "UIT"
    ]
  },
  {
    "value": "UNIM",
    "synonyms": [
      "UNIM",
      "Uni-Mail",
      "Uni Mail",
      "unimail"
    ]
  },
  {
    "value": "VALY",
    "synonyms": [
      "VALY",
      "Bernex-Vailly",
      "bernex vailly"
    ]
  },
  {
    "value": "VAND",
    "synonyms": [
      "VAND",
      "Vandoeuvres"
    ]
  },
  {
    "value": "VARV",
    "synonyms": [
      "VARV",
      "Val-d\u0027Arve"
    ]
  },
  {
    "value": "VATH",
    "synonyms": [
      "VATH",
      "Val-Thoiry",
      "val thoiry"
    ]
  },
  {
    "value": "VAUD",
    "synonyms": [
      "VAUD",
      "Vaudagne"
    ]
  },
  {
    "value": "VDUR",
    "synonyms": [
      "VDUR",
      "Duret"
    ]
  },
  {
    "value": "VEEC",
    "synonyms": [
      "VEEC",
      "Vernier-Ecole",
      "vernier ecole"
    ]
  },
  {
    "value": "VEGY",
    "synonyms": [
      "VEGY",
      "Veigy-Village",
      "veigy village"
    ]
  },
  {
    "value": "VELO",
    "synonyms": [
      "VELO",
      "Vélodrome",
      "velodrome"
    ]
  },
  {
    "value": "VEMA",
    "synonyms": [
      "VEMA",
      "Vernier-Marché",
      "vernier marché"
    ]
  },
  {
    "value": "VERB",
    "synonyms": [
      "VERB",
      "Verbant"
    ]
  },
  {
    "value": "VERD",
    "synonyms": [
      "VERD",
      "Verdun"
    ]
  },
  {
    "value": "VERN",
    "synonyms": [
      "VERN",
      "Vernes"
    ]
  },
  {
    "value": "VESY",
    "synonyms": [
      "VESY",
      "Vessy"
    ]
  },
  {
    "value": "VEUS",
    "synonyms": [
      "VEUS",
      "Verseuse"
    ]
  },
  {
    "value": "VEVI",
    "synonyms": [
      "VEVI",
      "Vernier-Village",
      "vernier village",
      "vernier"
    ]
  },
  {
    "value": "VGEC",
    "synonyms": [
      "VGEC",
      "Veigy-Ecole",
      "veigy ecole"
    ]
  },
  {
    "value": "VGEG",
    "synonyms": [
      "VGEG",
      "Ville-la-Gd Eglise",
      "villa la grand eglise"
    ]
  },
  {
    "value": "VIAM",
    "synonyms": [
      "VIAM",
      "Via Monnet"
    ]
  },
  {
    "value": "VIDO",
    "synonyms": [
      "VIDO",
      "Vidollet"
    ]
  },
  {
    "value": "VILL",
    "synonyms": [
      "VILL",
      "Villereuse"
    ]
  },
  {
    "value": "VIPA",
    "synonyms": [
      "VIPA",
      "Neydens-Vitam",
      "neydens vitam",
      "vitam",
      "vitam parc"
    ]
  },
  {
    "value": "VIRY",
    "synonyms": [
      "VIRY",
      "Viry Chef-Lieu",
      "viry chef lieu",
      "viry"
    ]
  },
  {
    "value": "VIUS",
    "synonyms": [
      "VIUS",
      "Vieusseux"
    ]
  },
  {
    "value": "VLAI",
    "synonyms": [
      "VLAI",
      "Valais"
    ]
  },
  {
    "value": "VLLA",
    "synonyms": [
      "VLLA",
      "Villars"
    ]
  },
  {
    "value": "VLON",
    "synonyms": [
      "VLON",
      "Vallon"
    ]
  },
  {
    "value": "VLRS",
    "synonyms": [
      "VLRS",
      "Velours"
    ]
  },
  {
    "value": "VOIR",
    "synonyms": [
      "VOIR",
      "Voirets"
    ]
  },
  {
    "value": "VOLL",
    "synonyms": [
      "VOLL",
      "Vollandes"
    ]
  },
  {
    "value": "VORO",
    "synonyms": [
      "VORO",
      "Voirons"
    ]
  },
  {
    "value": "VRAS",
    "synonyms": [
      "VRAS",
      "Veyrier-Rasses",
      "veyrier rasses"
    ]
  },
  {
    "value": "VRBE",
    "synonyms": [
      "VRBE",
      "Varembé"
    ]
  },
  {
    "value": "VRDO",
    "synonyms": [
      "VRDO",
      "Veyrier-Douane",
      "veyrier douane"
    ]
  },
  {
    "value": "VREC",
    "synonyms": [
      "VREC",
      "Veyrier-Ecole",
      "veyrier ecole"
    ]
  },
  {
    "value": "VRLP",
    "synonyms": [
      "VRLP",
      "Vireloup"
    ]
  },
  {
    "value": "VRMT",
    "synonyms": [
      "VRMT",
      "Vermont"
    ]
  },
  {
    "value": "VRNT",
    "synonyms": [
      "VRNT",
      "Vernets"
    ]
  },
  {
    "value": "VROT",
    "synonyms": [
      "VROT",
      "Veyrot"
    ]
  },
  {
    "value": "VRTC",
    "synonyms": [
      "VRTC",
      "Vertes Campagnes"
    ]
  },
  {
    "value": "VSEG",
    "synonyms": [
      "VSEG",
      "Vésenaz-Eglise"
    ]
  },
  {
    "value": "VSNA",
    "synonyms": [
      "VSNA",
      "Vésenaz",
      "Vésenaz-Village",
      "Vésenaz Village"
    ]
  },
  {
    "value": "VSUI",
    "synonyms": [
      "VSUI",
      "Village-Suisse",
      "village suisse"
    ]
  },
  {
    "value": "VTRN",
    "synonyms": [
      "VTRN",
      "Veyrier-Tournettes",
      "veyrier tournettes"
    ]
  },
  {
    "value": "VTTE",
    "synonyms": [
      "VTTE",
      "Villette"
    ]
  },
  {
    "value": "VUAT",
    "synonyms": [
      "VUAT",
      "Vuattes"
    ]
  },
  {
    "value": "VUIL",
    "synonyms": [
      "VUIL",
      "Vuillonnex"
    ]
  },
  {
    "value": "VVRA",
    "synonyms": [
      "VVRA",
      "Valavran"
    ]
  },
  {
    "value": "VXAR",
    "synonyms": [
      "VXAR",
      "Versoix-Argand",
      "versoix argand"
    ]
  },
  {
    "value": "VXBO",
    "synonyms": [
      "VXBO",
      "Versoix-Bourg",
      "versoix bourg"
    ]
  },
  {
    "value": "VXGA",
    "synonyms": [
      "VXGA",
      "Versoix-Gare",
      "versoix gare"
    ]
  },
  {
    "value": "VXLA",
    "synonyms": [
      "VXLA",
      "Versoix-Lachenal",
      "versoix lachenal"
    ]
  },
  {
    "value": "VXVV",
    "synonyms": [
      "VXVV",
      "Vieux-Valavran"
    ]
  },
  {
    "value": "VYFO",
    "synonyms": [
      "VYFO",
      "Valleiry Espace FOL"
    ]
  },
  {
    "value": "VYGA",
    "synonyms": [
      "VYGA",
      "Valleiry-Gare",
      "Valleiry gare"
    ]
  },
  {
    "value": "WEBR",
    "synonyms": [
      "WEBR",
      "Weber"
    ]
  },
  {
    "value": "WEND",
    "synonyms": [
      "WEND",
      "Wendt"
    ]
  },
  {
    "value": "WTC0",
    "synonyms": [
      "WTC0",
      "WTC",
      "world trade center"
    ]
  },
  {
    "value": "ZIMG",
    "synonyms": [
      "ZIMG",
      "ZIMEYSA-Gare"
    ]
  },
  {
    "value": "ZIMO",
    "synonyms": [
      "ZIMO",
      "ZIMOGA"
    ]
  },
  {
    "value": "ZIMW",
    "synonyms": [
      "ZIMW",
      "ZIMEYSA-Ouest"
    ]
  },
  {
    "value": "ZIPL",
    "synonyms": [
      "ZIPL",
      "ZIPLO"
    ]
  }
]