[
  {
    "value": "PALE",
    "synonyms": [
      "Palettes",
      "PALE",
      "palette"
    ]
  },
  {
    "value": "NATI",
    "synonyms": [
      "Nations",
      "nation"
    ]
  },
  {
    "value": "PRBE",
    "synonyms": [
      "P+R Bernex",
      "Bernex",
      "pr bernex"
    ]
  },
  {
    "value": "CRGE",
    "synonyms": [
      "Carouge",
      "carouge-rondeau",
      "rondeau",
      "carouge rondeau"
    ]
  },
  {
    "value": "GRVI",
    "synonyms": [
      "Meyrin Gravière",
      "Meyrin"
    ]
  }
]